,PLAYER NAME,PLAYER TEAM,PLAYER POSITION,PROJ,TOTAL,rank,DATE
0,Deebo Samuel,SF,WR,15.8,34,1,12-12-23
1,Evan Engram,Jax,TE,11.5,32.5,1,12-12-23
2,Lamar Jackson,Bal,QB,20.8,31.64,1,12-12-23
3,Drake London,Atl,WR,10.5,29.2,2,12-12-23
4,David Njoku,Cle,TE,10.8,27.1,2,12-12-23
5,Ezekiel Elliott,NE,RB,13.4,27,1,12-12-23
6,DJ Moore,Chi,WR,15.7,26.8,3,12-12-23
7,Breece Hall,NYJ,RB,14.3,26.6,2,12-12-23
8,Cooper Kupp,LAR,WR,12.6,25.5,4,12-12-23
9,DeAndre Hopkins,Ten,WR,14.5,25.4,5,12-12-23
10,Desmond Ridder,Atl,QB,13.5,25.38,2,12-12-23
11,James Cook,Buf,RB,14.1,25.1,3,12-12-23
12,Justin Fields,Chi,QB,18.9,24.72,3,12-12-23
13,Jake Browning,Cin,QB,16.2,23.7,4,12-12-23
14,Matthew Stafford,LAR,QB,12.8,23.66,5,12-12-23
15,Saquon Barkley,NYG,RB,15.5,23.1,4,12-12-23
16,Raheem Mostert,Mia,RB,10.5,23,5,12-12-23
17,Joe Mixon,Cin,RB,15.2,21.5,6.5,12-12-23
18,Rachaad White,TB,RB,15,21.5,6.5,12-12-23
19,Brock Purdy,SF,QB,19.4,21.42,6,12-12-23
20,Austin Ekeler,LAC,RB,17.3,21,8,12-12-23
21,Bailey Zappe,NE,QB,11.7,20.9,7,12-12-23
22,Mitch Trubisky,Pit,QB,12.7,20.6,8,12-12-23
23,Josh Allen,Buf,QB,21.3,20.52,9,12-12-23
24,Jayden Reed,GB,WR,12.2,20.5,6,12-12-23
25,Joe Flacco,Cle,QB,13,20.34,10,12-12-23
26,Garrett Wilson,NYJ,WR,13.4,20.1,7,12-12-23
27,Baker Mayfield,TB,QB,14.6,20.06,11,12-12-23
28,Zay Flowers,Bal,WR,13.3,20,8,12-12-23
29,Bijan Robinson,Atl,RB,16.8,19.8,9,12-12-23
30,Odell Beckham Jr.,Bal,WR,9.4,19.7,9,12-12-23
31,Michael Pittman Jr.,Ind,WR,18,19.5,10,12-12-23
32,Chase Brown,Cin,RB,4.2,19.5,10,12-12-23
33,Isaiah Likely,Bal,TE,9,19.3,3,12-12-23
34,Zach Wilson,NYJ,QB,12.3,19.24,12,12-12-23
35,CeeDee Lamb,Dal,WR,24.1,19.1,11,12-12-23
36,Hunter Henry,NE,TE,7.8,19,4,12-12-23
37,Rashee Rice,KC,WR,13.2,18.2,12,12-12-23
38,Derrick Henry,Ten,RB,13.5,18.1,11.5,12-12-23
39,Javonte Williams,Den,RB,13.1,18.1,11.5,12-12-23
40,Dak Prescott,Dal,QB,23.9,17.94,13,12-12-23
41,Tyjae Spears,Ten,RB,8.7,17.8,13,12-12-23
42,Wan'Dale Robinson,NYG,WR,7.9,17.5,13,12-12-23
43,Tommy DeVito,NYG,QB,13.7,17.42,14,12-12-23
44,Trevor Lawrence,Jax,QB,16.4,17.38,15,12-12-23
45,Jahmyr Gibbs,Det,RB,14.2,17.2,14.5,12-12-23
46,Travis Etienne Jr.,Jax,RB,15.3,17.2,14.5,12-12-23
47,Tony Pollard,Dal,RB,17.1,16.6,16,12-12-23
48,George Kittle,SF,TE,12.7,16.6,5,12-12-23
49,Brandon Aiyuk,SF,WR,14.8,16.6,14,12-12-23
50,Will Levis,Ten,QB,13.5,16.58,16,12-12-23
51,A.J. Brown,Phi,WR,19.8,16.4,15,12-12-23
52,Christian McCaffrey,SF,RB,24.6,16.3,17,12-12-23
53,Russell Wilson,Den,QB,16.6,15.46,17,12-12-23
54,Drew Lock,Sea,QB,14.3,15.26,18,12-12-23
55,Courtland Sutton,Den,WR,13.1,15.2,16,12-12-23
56,Davis Allen,LAR,TE,1.6,15,6,12-12-23
57,Tyler Lockett,Sea,WR,12,14.9,17,12-12-23
58,Diontae Johnson,Pit,WR,10.7,14.7,18,12-12-23
59,Kyle Pitts,Atl,TE,8.2,14.7,7,12-12-23
60,Travis Kelce,KC,TE,14.9,14.3,8,12-12-23
61,Kyren Williams,LAR,RB,18.4,14.3,18,12-12-23
62,Gardner Minshew,Ind,QB,14.6,14.1,19,12-12-23
63,Puka Nacua,LAR,WR,13.6,14,19,12-12-23
64,Jaylen Waddle,Mia,WR,15.7,13.9,20,12-12-23
65,Michael Gallup,Dal,WR,4.9,13.8,21,12-12-23
66,Patrick Mahomes,KC,QB,19.7,13.64,20,12-12-23
67,Demarcus Robinson,LAR,WR,4.4,13.6,22,12-12-23
68,Alvin Kamara,NO,RB,19.9,13.5,19,12-12-23
69,Josh Reynolds,Det,WR,5.5,13.4,23,12-12-23
70,Jerome Ford,Cle,RB,11.4,13.2,20,12-12-23
71,DK Metcalf,Sea,WR,15.9,13.2,24,12-12-23
72,JuJu Smith-Schuster,NE,WR,9,13,25,12-12-23
73,Chris Olave,NO,WR,14.9,12.8,26.5,12-12-23
74,Keenan Allen,LAC,WR,20.1,12.8,26.5,12-12-23
75,Amari Cooper,Cle,WR,11.5,12.7,28,12-12-23
76,Jerick McKinnon,KC,RB,10.1,12.7,21,12-12-23
77,Devin Singletary,Hou,RB,9,12.5,22,12-12-23
78,Adam Thielen,Car,WR,13.1,12.4,29,12-12-23
79,Davante Adams,LV,WR,15.8,12.3,30,12-12-23
80,Rico Dowdle,Dal,RB,5.7,12.2,23,12-12-23
81,Jake Ferguson,Dal,TE,11.2,12.2,9,12-12-23
82,De'Von Achane,Mia,RB,16.5,12.1,24,12-12-23
83,Quentin Johnston,LAC,WR,8.5,12.1,31,12-12-23
84,Cole Kmet,Chi,TE,10.5,11.6,10,12-12-23
85,Chuba Hubbard,Car,RB,12.9,11.6,25,12-12-23
86,David Montgomery,Det,RB,12.7,11.5,26,12-12-23
87,David Bell,Cle,WR,0.4,11.1,32,12-12-23
88,Colby Parkinson,Sea,TE,1.8,10.8,11,12-12-23
89,Derek Carr,NO,QB,14.5,10.76,21,12-12-23
90,Tucker Kraft,GB,TE,5.6,10.4,12,12-12-23
91,DeVonta Smith,Phi,WR,13.7,10.3,33.5,12-12-23
92,Chris Godwin,TB,WR,12,10.3,33.5,12-12-23
93,T.J. Hockenson,Min,TE,11.4,10.3,13,12-12-23
94,Isaiah Hodgins,NYG,WR,2.5,10.2,35,12-12-23
95,Tyreek Hill,Mia,WR,23.6,10.1,36,12-12-23
96,Tanner Hudson,Cin,TE,6.1,10.1,14,12-12-23
97,Kareem Hunt,Cle,RB,8.2,10,27,12-12-23
98,Adam Trautman,Den,TE,4,9.9,15,12-12-23
99,AJ Dillon,GB,RB,7.9,9.8,28,12-12-23
100,Tyler Conklin,NYJ,TE,7.5,9.7,16,12-12-23
101,Zack Moss,Ind,RB,16.9,9.6,29.5,12-12-23
102,Chigoziem Okonkwo,Ten,TE,8.3,9.6,18.5,12-12-23
103,Will Mallory,Ind,TE,2.7,9.6,18.5,12-12-23
104,Cade Otton,TB,TE,6.5,9.6,18.5,12-12-23
105,Jordan Mason,SF,RB,5.1,9.6,29.5,12-12-23
106,Jimmy Graham,NO,TE,3,9.6,18.5,12-12-23
107,Kenneth Walker III,Sea,RB,11.5,9.4,31.5,12-12-23
108,Samaje Perine,Den,RB,6.3,9.4,31.5,12-12-23
109,Calvin Ridley,Jax,WR,13.4,9.3,37,12-12-23
110,Tee Higgins,Cin,WR,11.2,9.2,38,12-12-23
111,D'Onta Foreman,Chi,RB,5.3,9.2,33,12-12-23
112,Tua Tagovailoa,Mia,QB,17.9,9.1,22,12-12-23
113,Jordan Love,GB,QB,16.9,8.92,23,12-12-23
114,Gerald Everett,LAC,TE,6.4,8.9,21,12-12-23
115,Jalen Hurts,Phi,QB,21.9,8.88,24,12-12-23
116,Clyde Edwards-Helaire,KC,RB,12.4,8.8,34,12-12-23
117,Parker Washington,Jax,WR,7.4,8.7,39,12-12-23
118,Randall Cobb,NYJ,WR,1.4,8.5,40,12-12-23
119,Nelson Agholor,Bal,WR,3.8,8.2,41.5,12-12-23
120,Xavier Gipson,NYJ,WR,6.4,8.2,41.5,12-12-23
121,Jaylen Warren,Pit,RB,11.8,8,35,12-12-23
122,Zay Jones,Jax,WR,10.8,7.9,43,12-12-23
123,Najee Harris,Pit,RB,12.2,7.8,36.5,12-12-23
124,Chase Edmonds,TB,RB,3.9,7.8,36.5,12-12-23
125,Malik Heath,GB,WR,3.8,7.6,44,12-12-23
126,Jakobi Meyers,LV,WR,9.1,7.5,45,12-12-23
127,Bryce Young,Car,QB,11.8,7.48,25,12-12-23
128,Miles Sanders,Car,RB,7.6,7.4,38,12-12-23
129,Ty Chandler,Min,RB,6.9,7.2,40,12-12-23
130,Romeo Doubs,GB,WR,10.9,7.2,46.5,12-12-23
131,Elijah Moore,Cle,WR,9.4,7.2,46.5,12-12-23
132,Keaton Mitchell,Bal,RB,7.9,7.2,40,12-12-23
133,Patrick Taylor,GB,RB,0,7.2,40,12-12-23
134,Mo Alie-Cox,Ind,TE,1.2,7.2,22,12-12-23
135,Dalton Kincaid,Buf,TE,10.3,7.1,23,12-12-23
136,Kadarius Toney,KC,WR,4.6,7.1,48,12-12-23
137,Josh Jacobs,LV,RB,15.6,7,42,12-12-23
138,Dallas Goedert,Phi,TE,10.7,7,24,12-12-23
139,George Pickens,Pit,WR,8.9,6.9,49,12-12-23
140,Nick Westbrook-Ikhine,Ten,WR,5.6,6.8,50,12-12-23
141,Pat Freiermuth,Pit,TE,8.7,6.8,25,12-12-23
142,Jonnu Smith,Atl,TE,6.3,6.7,26.5,12-12-23
143,Jeremy Ruckert,NYJ,TE,4.4,6.7,26.5,12-12-23
144,Alexander Mattison,Min,RB,10.8,6.6,43,12-12-23
145,Dawson Knox,Buf,TE,5.8,6.6,28,12-12-23
146,Jaxon Smith-Njigba,Sea,WR,9.5,6.5,51,12-12-23
147,Brevin Jordan,Hou,TE,7.5,6.5,29,12-12-23
148,Stefon Diggs,Buf,WR,16.3,6.4,53,12-12-23
149,Darnell Mooney,Chi,WR,6.1,6.4,53,12-12-23
150,Lynn Bowden Jr.,NO,WR,4.9,6.4,53,12-12-23
151,Josh Downs,Ind,WR,10.8,6.2,55,12-12-23
152,Tylan Wallace,Bal,WR,0,6,56,12-12-23
153,Ja'Marr Chase,Cin,WR,17,5.9,57,12-12-23
154,Zach Charbonnet,Sea,RB,6.1,5.8,44,12-12-23
155,Brandin Cooks,Dal,WR,10.6,5.7,58,12-12-23
156,Hunter Renfrow,LV,WR,5.1,5.6,59,12-12-23
157,K.J. Osborn,Min,WR,3.3,5.5,60,12-12-23
158,Noah Fant,Sea,TE,4.5,5.5,30,12-12-23
159,A.T. Perry,NO,WR,5.8,5.4,61,12-12-23
160,Easton Stick,LAC,QB,0,5.16,26,12-12-23
161,Amon-Ra St. Brown,Det,WR,18,5.1,62,12-12-23
162,Aidan O'Connell,LV,QB,11.5,5.04,27,12-12-23
163,Cedrick Wilson Jr.,Mia,WR,1.8,5,63,12-12-23
164,D'Ernest Johnson,Jax,RB,5.8,4.8,45,12-12-23
165,Justin Jefferson,Min,WR,16.1,4.7,65,12-12-23
166,Sam LaPorta,Det,TE,12.4,4.7,31,12-12-23
167,Jordan Addison,Min,WR,10.3,4.7,65,12-12-23
168,Tyquan Thornton,NE,WR,8.7,4.7,65,12-12-23
169,Joshua Dobbs,Min,QB,15,4.62,28,12-12-23
170,DJ Chark Jr.,Car,WR,6.4,4.6,67,12-12-23
171,Kalif Raymond,Det,WR,4.5,4.5,68,12-12-23
172,Lucas Krull,Den,TE,0,4.5,32,12-12-23
173,Jared Goff,Det,QB,15,4.44,29,12-12-23
174,Rashod Bateman,Bal,WR,7.3,4.4,69,12-12-23
175,Tyler Boyd,Cin,WR,7.9,4.3,70.5,12-12-23
176,Cedric Tillman,Cle,WR,5,4.3,70.5,12-12-23
177,Jamaal Williams,NO,RB,8.9,4.3,46,12-12-23
178,Jonathan Mingo,Car,WR,9.3,4.2,73.5,12-12-23
179,Jaleel McLaughlin,Den,RB,5,4.2,47,12-12-23
180,Marquez Valdes-Scantling,KC,WR,5.2,4.2,73.5,12-12-23
181,Alec Pierce,Ind,WR,7.1,4.2,73.5,12-12-23
182,Samori Toure,GB,WR,2.1,4.2,73.5,12-12-23
183,Ty Johnson,Buf,RB,3.6,4.1,48,12-12-23
184,Tyler Allgeier,Atl,RB,5.9,4,49.5,12-12-23
185,Latavius Murray,Buf,RB,7.4,4,49.5,12-12-23
186,Dontayvion Wicks,GB,WR,8.4,4,76,12-12-23
187,D'Andre Swift,Phi,RB,13.1,3.9,51.5,12-12-23
188,Ameer Abdullah,LV,RB,2.1,3.9,51.5,12-12-23
189,Olamide Zaccheaus,Phi,WR,1,3.8,77,12-12-23
190,Kylen Granson,Ind,TE,3.7,3.7,33,12-12-23
191,C.J. Stroud,Hou,QB,17,3.64,30,12-12-23
192,Jerry Jeudy,Den,WR,9.4,3.6,78,12-12-23
193,Durham Smythe,Mia,TE,3.5,3.6,34,12-12-23
194,Andrew Beck,Hou,RB,1.3,3.6,53,12-12-23
195,Daniel Bellinger,NYG,TE,6.2,3.5,36,12-12-23
196,Connor Heyward,Pit,TE,1.8,3.5,36,12-12-23
197,Deonte Harty,Buf,WR,0,3.5,79.5,12-12-23
198,Xavier Hutchinson,Hou,WR,2.4,3.5,79.5,12-12-23
199,MyCole Pruitt,Atl,TE,1.1,3.5,36,12-12-23
200,Darius Slayton,NYG,WR,7.8,3.4,81,12-12-23
201,Nick Mullens,Min,QB,0,3.32,31,12-12-23
202,Jalin Hyatt,NYG,WR,8.4,3.3,83,12-12-23
203,Braxton Berrios,Mia,WR,4.3,3.3,83,12-12-23
204,Jalen Nailor,Min,WR,0,3.3,83,12-12-23
205,Chris Moore,Ten,WR,2.8,3.2,85,12-12-23
206,Marvin Mims Jr.,Den,WR,6.1,3.1,86.5,12-12-23
207,Allen Robinson II,Pit,WR,3.2,3.1,86.5,12-12-23
208,Juwan Johnson,NO,TE,6.9,3,38,12-12-23
209,Kenneth Gainwell,Phi,RB,5.5,2.8,54,12-12-23
210,Justin Watson,KC,WR,5.5,2.8,88.5,12-12-23
211,Foster Moreau,NO,TE,3.5,2.8,39,12-12-23
212,KhaDarel Hodge,Atl,WR,2.2,2.8,88.5,12-12-23
213,Donovan Peoples-Jones,Det,WR,1.6,2.7,90,12-12-23
214,Ty Montgomery II,FA,RB,,,,12-12-23
215,Brock Wright,Det,TE,1.8,2.6,40,12-12-23
216,Michael Mayer,LV,TE,6.6,2.4,41.5,12-12-23
217,Drew Sample,Cin,TE,1.5,2.4,41.5,12-12-23
218,Nico Collins,Hou,WR,15.7,2.3,91,12-12-23
219,Alec Ingold,Mia,RB,1.5,2.3,55,12-12-23
220,Justice Hill,Bal,RB,4.1,2.2,56,12-12-23
221,Khalil Shakir,Buf,WR,5.6,2.2,93,12-12-23
222,KaVontae Turpin,Dal,WR,4.2,2.2,93,12-12-23
223,Darnell Washington,Pit,TE,0.5,2.2,43,12-12-23
224,Lil'Jordan Humphrey,Den,WR,0.5,2.2,93,12-12-23
225,Donald Parham Jr.,LAC,TE,4.8,2.1,44,12-12-23
226,Dare Ogunbowale,Hou,RB,0.6,2.1,57,12-12-23
227,Tyler Scott,Chi,WR,4.8,2.1,96,12-12-23
228,Velus Jones Jr.,Chi,WR,0.9,2.1,96,12-12-23
229,David Moore,TB,WR,0,2.1,96,12-12-23
230,Isaiah Spiller,LAC,RB,1,1.9,58,12-12-23
231,Alex Erickson,LAC,WR,2.3,1.9,98.5,12-12-23
232,Trent Sherfield,Buf,WR,1.1,1.9,98.5,12-12-23
233,Justin Herbert,LAC,QB,19.1,1.84,32,12-12-23
234,Mike Evans,TB,WR,15.9,1.8,101,12-12-23
235,Dalvin Cook,FA,RB,,,,12-12-23
236,Jalen Guyton,LAC,WR,7.6,1.8,101,12-12-23
237,Trey Palmer,TB,WR,7.6,1.8,101,12-12-23
238,Raheem Blackshear,Car,RB,0.4,1.8,59,12-12-23
239,Dameon Pierce,Hou,RB,8.1,1.7,60,12-12-23
240,Treylon Burks,Ten,WR,6.7,1.6,103.5,12-12-23
241,Matt Breida,NYG,RB,3.4,1.6,61,12-12-23
242,John Metchie III,Hou,WR,4.2,1.6,103.5,12-12-23
243,Gus Edwards,Bal,RB,10,1.5,62,12-12-23
244,Austin Hooper,LV,TE,2.3,1.5,45,12-12-23
245,Johnny Mundt,Min,TE,0.5,1.4,47,12-12-23
246,Mack Hollins,Atl,WR,0,1.4,105.5,12-12-23
247,Richie James,KC,WR,2,1.4,105.5,12-12-23
248,Pharaoh Brown,NE,TE,1,1.4,47,12-12-23
249,Marcedes Lewis,Chi,TE,0.5,1.4,47,12-12-23
250,Trey Sermon,Ind,RB,2.8,1.3,63.5,12-12-23
251,Will Dissly,Sea,TE,2.9,1.3,50,12-12-23
252,Jordan Akins,Cle,TE,0.5,1.3,50,12-12-23
253,Michael Burton,Den,RB,0.3,1.3,63.5,12-12-23
254,Charlie Woerner,SF,TE,0,1.3,50,12-12-23
255,Calvin Austin III,Pit,WR,1.9,1.2,107,12-12-23
256,Tommy Tremble,Car,TE,4.8,1.2,52,12-12-23
257,Ihmir Smith-Marsette,Car,WR,1.1,1,108,12-12-23
258,Mitchell Wilcox,Cin,TE,1,1,53,12-12-23
259,Royce Freeman,LAR,RB,3.4,0.9,66,12-12-23
260,Trayveon Williams,Cin,RB,0.8,0.9,66,12-12-23
261,Boston Scott,Phi,RB,1.7,0.9,66,12-12-23
262,Khalil Herbert,Chi,RB,6.7,0.8,69,12-12-23
263,Zamir White,LV,RB,0.8,0.8,69,12-12-23
264,Robert Woods,Hou,WR,7.5,0.8,109,12-12-23
265,Tyler Goodson,Ind,RB,4.4,0.8,69,12-12-23
266,Cordarrelle Patterson,Atl,RB,4.6,0.7,72,12-12-23
267,C.J. Ham,Min,RB,0.9,0.7,72,12-12-23
268,Khari Blasingame,Chi,RB,0.4,0.7,72,12-12-23
269,Roschon Johnson,Chi,RB,9.4,0.6,74.5,12-12-23
270,Joshua Kelley,LAC,RB,4,0.6,74.5,12-12-23
271,Dorian Thompson-Robinson,Cle,QB,0,0.5,33,12-12-23
272,Jameson Williams,Det,WR,4.8,0.4,110,12-12-23
273,Kene Nwangwu,Min,RB,0,0.3,76.5,12-12-23
274,Nick Bawden,NYJ,RB,0.5,0.3,76.5,12-12-23
275,Davis Mills,Hou,QB,0,0.16,34,12-12-23
276,Jonathan Taylor,Ind,RB,0,,,12-12-23
277,Aaron Jones,GB,RB,0,,,12-12-23
278,Isiah Pacheco,KC,RB,0,,,12-12-23
279,Dalton Schultz,Hou,TE,0,,,12-12-23
280,Christian Watson,GB,WR,0,,,12-12-23
281,Rhamondre Stevenson,NE,RB,0,,,12-12-23
282,Darren Waller,NYG,TE,0,,,12-12-23
283,Gabe Davis,Buf,WR,11.4,0,134,12-12-23
284,Geno Smith,Sea,QB,0,,,12-12-23
285,Christian Kirk,Jax,WR,0,,,12-12-23
286,Mark Andrews,Bal,TE,0,,,12-12-23
287,Taysom Hill,NO,TE,0,,,12-12-23
288,Noah Brown,Hou,WR,10,0,134,12-12-23
289,Joe Burrow,Cin,QB,0,,,12-12-23
290,Michael Thomas,NO,WR,0,,,12-12-23
291,Tank Dell,Hou,WR,0,,,12-12-23
292,Tyler Higbee,LAR,TE,0,,,12-12-23
293,DeMario Douglas,NE,WR,0,,,12-12-23
294,Rashid Shaheed,NO,WR,0,,,12-12-23
295,Deshaun Watson,Cle,QB,0,,,12-12-23
296,Kirk Cousins,Min,QB,0,,,12-12-23
297,Skyy Moore,KC,WR,4.8,0,134,12-12-23
298,Nick Chubb,Cle,RB,0,,,12-12-23
299,Cam Akers,Min,RB,0,,,12-12-23
300,Mike Williams,LAC,WR,0,,,12-12-23
301,Joshua Palmer,LAC,WR,0,,,12-12-23
302,Anthony Richardson,Ind,QB,0,,,12-12-23
303,Jeff Wilson Jr.,Mia,RB,1,0,89.5,12-12-23
304,Daniel Jones,NYG,QB,0,,,12-12-23
305,Elijah Mitchell,SF,RB,0,,,12-12-23
306,J.K. Dobbins,Bal,RB,0,,,12-12-23
307,Aaron Rodgers,NYJ,QB,0,,,12-12-23
308,Rashaad Penny,Phi,RB,0,,,12-12-23
309,Tutu Atwell,LAR,WR,5,0,134,12-12-23
310,Kenny Pickett,Pit,QB,0,,,12-12-23
311,Allen Lazard,NYJ,WR,3.8,0,134,12-12-23
312,Luke Musgrave,GB,TE,0,,,12-12-23
313,Kendrick Bourne,NE,WR,0,,,12-12-23
314,Pierre Strong Jr.,Cle,RB,1.2,0,89.5,12-12-23
315,Tyrod Taylor,NYG,QB,0,,,12-12-23
316,Greg Dulcich,Den,TE,0,,,12-12-23
317,Damien Harris,Buf,RB,0,,,12-12-23
318,Mike Gesicki,NE,TE,3.2,0,73,12-12-23
319,Parris Campbell,NYG,WR,0.5,,,12-12-23
320,Chase Claypool,Mia,WR,0,0,134,12-12-23
321,DeVante Parker,NE,WR,0,,,12-12-23
322,Jaren Hall,Min,QB,0,,,12-12-23
323,Tank Bigsby,Jax,RB,0.3,0,89.5,12-12-23
324,Taylor Heinicke,Atl,QB,0,,,12-12-23
325,Jarrett Stidham,Den,QB,0,,,12-12-23
326,Zach Evans,LAR,RB,0,0,89.5,12-12-23
327,Van Jefferson,Atl,WR,3.5,0,134,12-12-23
328,Marcus Mariota,Phi,QB,0,0,36,12-12-23
329,Tom Brady,TB,QB,0,,,12-12-23
330,Kendre Miller,NO,RB,0,,,12-12-23
331,Craig Reynolds,Det,RB,0,0,89.5,12-12-23
332,Irv Smith Jr.,Cin,TE,2.6,0,73,12-12-23
333,Jimmy Garoppolo,LV,QB,0,,,12-12-23
334,Hayden Hurst,Car,TE,0,,,12-12-23
335,Mac Jones,NE,QB,0,,,12-12-23
336,Mason Rudolph,Pit,QB,0,,,12-12-23
337,Julio Jones,Phi,WR,0.6,0,134,12-12-23
338,Tyler Huntley,Bal,QB,0,,,12-12-23
339,Evan Hull,Ind,RB,0,,,12-12-23
340,Ryan Tannehill,Ten,QB,0,,,12-12-23
341,Brandon Powell,Min,WR,0.9,0,134,12-12-23
342,Deuce Vaughn,Dal,RB,0,,,12-12-23
343,Mecole Hardman Jr.,KC,WR,0,,,12-12-23
344,Trenton Irwin,Cin,WR,1.1,0,134,12-12-23
345,Melvin Gordon III,Bal,RB,0,,,12-12-23
346,Noah Gray,KC,TE,4.4,0,73,12-12-23
347,Salvon Ahmed,Mia,RB,0,,,12-12-23
348,Sam Darnold,SF,QB,0,0,36,12-12-23
349,C.J. Beathard,Jax,QB,0,,,12-12-23
350,Jelani Woods,Ind,TE,0,,,12-12-23
351,Tyson Bagent,Chi,QB,0,,,12-12-23
352,Jauan Jennings,SF,WR,4.9,0,134,12-12-23
353,DeeJay Dallas,Sea,RB,0.6,0,89.5,12-12-23
354,Jamal Agnew,Jax,WR,0,,,12-12-23
355,Ben Roethlisberger,Pit,QB,0,,,12-12-23
356,Blaine Gabbert,KC,QB,0,,,12-12-23
357,Carson Wentz,LAR,QB,0,,,12-12-23
358,Kevin Harris,NE,RB,4.5,,,12-12-23
359,Ronnie Rivers,LAR,RB,0,,,12-12-23
360,Justyn Ross,KC,WR,0,,,12-12-23
361,Mike Boone,Car,RB,0,,,12-12-23
362,Kyle Juszczyk,SF,RB,1.7,0,89.5,12-12-23
363,Case Keenum,Hou,QB,0,,,12-12-23
364,Jake Bobo,Sea,WR,2.2,0,134,12-12-23
365,Brandon Johnson,Den,WR,0.9,0,134,12-12-23
366,Trey Lance,Dal,QB,0,,,12-12-23
367,Luke Schoonmaker,Dal,TE,0.7,0,73,12-12-23
368,Zonovan Knight,Det,RB,0,,,12-12-23
369,Josh Oliver,Min,TE,1.5,0,73,12-12-23
370,Quez Watkins,Phi,WR,2.3,0,134,12-12-23
371,Terrace Marshall Jr.,Car,WR,0,,,12-12-23
372,Jalen Tolbert,Dal,WR,5.6,0,134,12-12-23
373,Harrison Bryant,Cle,TE,3.6,0,73,12-12-23
374,Derius Davis,LAC,WR,0.8,0,134,12-12-23
375,Deven Thompkins,TB,WR,2.7,0,134,12-12-23
376,Ke'Shawn Vaughn,NE,RB,0,,,12-12-23
377,Gary Brightwell,NYG,RB,0,,,12-12-23
378,Trevor Siemian,NYJ,QB,0,,,12-12-23
379,Le'Veon Bell,TB,RB,0,,,12-12-23
380,Ronnie Bell,SF,WR,0.6,0,134,12-12-23
381,Tre Tucker,LV,WR,2.9,0,134,12-12-23
382,Hendon Hooker,Det,QB,0,,,12-12-23
383,Cam Newton,Car,QB,0,,,12-12-23
384,Sterling Shepard,NYG,WR,5.1,,,12-12-23
385,Chris Evans,Cin,RB,0,,,12-12-23
386,Sean Tucker,TB,RB,0,0,89.5,12-12-23
387,Robert Tonyan,Chi,TE,1.5,0,73,12-12-23
388,Jack Stoll,Phi,TE,0,0,73,12-12-23
389,Ray-Ray McCloud III,SF,WR,0,,,12-12-23
390,Andrei Iosivas,Cin,WR,0,0,134,12-12-23
391,Brian Hoyer,LV,QB,0,,,12-12-23
392,Kenyan Drake,FA,RB,,,,12-12-23
393,Kyle Trask,TB,QB,0,,,12-12-23
394,Stetson Bennett,LAR,QB,0,,,12-12-23
395,Mike White,Mia,QB,0,,,12-12-23
396,Jalen Reagor,NE,WR,7.3,0,134,12-12-23
397,Malik Davis,Dal,RB,0,,,12-12-23
398,Devin Duvernay,Bal,WR,0.2,0,134,12-12-23
399,Eric Gray,NYG,RB,0,0,89.5,12-12-23
400,Kayshon Boutte,NE,WR,0,,,12-12-23
401,Russell Gage,TB,WR,0,,,12-12-23
402,Darrynton Evans,Mia,RB,0,,,12-12-23
403,JaMycal Hasty,NE,RB,0,,,12-12-23
404,Teddy Bridgewater,Det,QB,0,,,12-12-23
405,C.J. Uzomah,NYJ,TE,0,,,12-12-23
406,Kenny McIntosh,Sea,RB,0,0,89.5,12-12-23
407,Tim Patrick,Den,WR,0,,,12-12-23
408,Andy Dalton,Car,QB,0,,,12-12-23
409,Kyle Philips,Ten,WR,0.1,0,134,12-12-23
410,Blake Bell,KC,TE,0,0,73,12-12-23
411,Equanimeous St. Brown,Chi,WR,0,,,12-12-23
412,Nyheim Hines,Buf,RB,0,,,12-12-23
413,Anthony McFarland Jr.,FA,RB,,,,12-12-23
414,Kyle Allen,Buf,QB,0,,,12-12-23
415,Robbie Chosen,Mia,WR,0,,,12-12-23
416,Charlie Jones,Cin,WR,0,0,134,12-12-23
417,Emanuel Wilson,GB,RB,0,,,12-12-23
418,Laviska Shenault Jr.,Car,WR,0,,,12-12-23
419,Corey Davis,NYJ,WR,0,,,12-12-23
420,Cooper Rush,Dal,QB,0,,,12-12-23
421,Sean Clifford,GB,QB,0,,,12-12-23
422,Marquise Goodwin,Cle,WR,2.6,0,134,12-12-23
423,Julius Chestnut,Ten,RB,0,,,12-12-23
424,Hassan Haskins,Ten,RB,0,,,12-12-23
425,Peyton Hendershot,Dal,TE,2.8,0,73,12-12-23
426,River Cracraft,Mia,WR,1.8,0,134,12-12-23
427,Malik Cunningham,Bal,QB,3,,,12-12-23
428,Travis Homer,Chi,RB,0,0,89.5,12-12-23
429,Patrick Ricard,Bal,RB,0.9,0,89.5,12-12-23
430,Malik Willis,Ten,QB,0,,,12-12-23
431,Chris Brooks,Mia,RB,0,,,12-12-23
432,Britain Covey,Phi,WR,0.1,0,134,12-12-23
433,Albert Okwuegbunam,Phi,TE,0,,,12-12-23
434,Ben Skowronek,LAR,WR,2,0,134,12-12-23
435,Jason Brownlee,NYJ,WR,0,,,12-12-23
436,Charlie Kolar,Bal,TE,1,0,73,12-12-23
437,Drew Ogletree,Ind,TE,2.7,0,73,12-12-23
438,Brandon Bolden,LV,RB,0,0,89.5,12-12-23
439,Gunner Olszewski,NYG,WR,0.1,0,134,12-12-23
440,Hunter Luepke,Dal,RB,0.6,0,89.5,12-12-23
441,D.J. Montgomery,Ind,WR,0,0,134,12-12-23
442,Brenton Strange,Jax,TE,0,,,12-12-23
443,DeAndre Carter,LV,WR,0.3,0,134,12-12-23
444,Antoine Green,Det,WR,0,,,12-12-23
445,Grant Calcaterra,Phi,TE,0,0,73,12-12-23
446,Justin Shorter,Buf,WR,0,,,12-12-23
447,Austin Trammell,LAR,WR,0.1,0,134,12-12-23
448,Josiah Deguara,GB,TE,1.7,0,73,12-12-23
449,Godwin Igwebuike,Pit,RB,0.1,0,89.5,12-12-23
450,Deneric Prince,KC,RB,0,0,89.5,12-12-23
451,Tyler Kroft,Mia,TE,0,,,12-12-23
452,Scott Miller,Atl,WR,2.1,0,134,12-12-23
453,Dee Eskridge,Sea,WR,0.1,,,12-12-23
454,Reggie Gilliam,Buf,RB,0,0,89.5,12-12-23
455,Ross Dwelley,SF,TE,0,,,12-12-23
456,Miles Boykin,Pit,WR,0,0,134,12-12-23
457,Stephen Sullivan,Car,TE,2,0,73,12-12-23
458,Julian Hill,Mia,TE,1.2,0,73,12-12-23
459,Keith Kirkwood,NO,WR,3.2,0,134,12-12-23
460,Erik Ezukanma,Mia,WR,0,,,12-12-23
461,Ben DiNucci,Den,QB,0,,,12-12-23
462,Matthew Slater,NE,WR,0,0,134,12-12-23
463,James Mitchell,Det,TE,0,0,73,12-12-23
464,Quintin Morris,Buf,TE,0,0,73,12-12-23
465,Ian Thomas,Car,TE,1.9,0,73,12-12-23
466,James White,NE,RB,0,,,12-12-23
467,Luke Farrell,Jax,TE,2.8,0,73,12-12-23
468,Jalen Brooks,Dal,WR,0,,,12-12-23
469,Tim Jones,Jax,WR,1.5,0,134,12-12-23
470,Brycen Hopkins,LAR,TE,2,0,73,12-12-23
471,Danny Gray,SF,WR,0,,,12-12-23
472,Tre' McKitty,Buf,TE,0,,,12-12-23
473,Nathan Peterman,Chi,QB,0,,,12-12-23
474,Teagan Quitoriano,Hou,TE,0,,,12-12-23
475,Trent Taylor,Chi,WR,1,0,134,12-12-23
476,Dareke Young,Sea,WR,0,0,134,12-12-23
477,Stone Smartt,LAC,TE,1.9,,,12-12-23
478,Tanner McKee,Phi,QB,0,,,12-12-23
479,Chris Manhertz,Den,TE,1,0,73,12-12-23
480,Laquon Treadwell,Bal,WR,0,,,12-12-23
481,Ko Kieft,TB,TE,0,0,73,12-12-23
482,Hunter Long,LAR,TE,3.7,0,73,12-12-23
483,Brett Rypien,NYJ,QB,0,,,12-12-23
484,Jason Cabinda,Det,RB,0,,,12-12-23
485,Justin Jackson,Det,RB,0,,,12-12-23
486,Skylar Thompson,Mia,QB,0,,,12-12-23
487,Keith Smith,Atl,RB,0.4,0,89.5,12-12-23
488,Josh Whyle,Ten,TE,0,,,12-12-23
489,Chris Conley,SF,WR,0,0,134,12-12-23
490,Mohamed Ibrahim,Det,RB,0,,,12-12-23
491,Chad Henne,KC,QB,0,,,12-12-23
492,Sony Michel,LAR,RB,0,,,12-12-23
493,Cameron Latu,SF,TE,0,,,12-12-23
494,Ben Sims,GB,TE,0.6,0,73,12-12-23
495,Trevon Wesco,Ten,TE,2.6,0,73,12-12-23
496,Rakim Jarrett,TB,WR,0,,,12-12-23
497,Lawrence Cager,NYG,TE,1.6,0,73,12-12-23
498,Tre'Quan Smith,Den,WR,0,,,12-12-23
499,Austin Watkins Jr.,Cle,WR,0,,,12-12-23
500,Phillip Dorsett,Den,WR,0,,,12-12-23
501,Nick Bellore,Sea,RB,0,0,89.5,12-12-23
502,Cody Thompson,Sea,WR,0,,,12-12-23
503,Sam Ehlinger,Ind,QB,0,0,36,12-12-23
504,Brayden Willis,SF,TE,0,0,73,12-12-23
505,Brandon Allen,SF,QB,0,,,12-12-23
506,Eno Benjamin,NO,RB,0,,,12-12-23
507,Jakob Johnson,LV,RB,0,0,89.5,12-12-23
508,Payne Durham,TB,TE,1.6,0,73,12-12-23
509,Adam Prentice,NO,RB,0,0,89.5,12-12-23
510,Marquez Callaway,NO,WR,0,0,134,12-12-23
511,Nate Adkins,Den,TE,0,,,12-12-23
512,James Proche II,Cle,WR,0,0,134,12-12-23
513,Josh Johnson,Bal,QB,0,,,12-12-23
514,Devon Allen,Phi,WR,0,,,12-12-23
515,Elijah Cooks,Jax,WR,0,0,134,12-12-23
516,Jake Haener,NO,QB,0,,,12-12-23
517,Colton Dowell,Ten,WR,0,0,134,12-12-23
518,John FitzPatrick,Atl,TE,0,0,73,12-12-23
519,Josh Ali,Atl,WR,0,,,12-12-23
520,Jody Fortson,KC,TE,0,,,12-12-23
521,Willie Snead IV,FA,WR,,,,12-12-23
522,Kenny Yeboah,NYJ,TE,0,0,73,12-12-23
523,Chris Hogan,NO,WR,0,,,12-12-23
524,Tyler Badie,Den,RB,0,,,12-12-23
525,Carlos Hyde,Jax,RB,0,,,12-12-23
526,Eric Saubert,Hou,TE,2.7,0,73,12-12-23
527,Irvin Charles,NYJ,WR,0,0,134,12-12-23
528,Dwayne Washington,Den,RB,0,0,89.5,12-12-23
529,Tre Nixon,NE,WR,0,,,12-12-23
530,Andy Isabella,Buf,WR,0,,,12-12-23
531,Nate Sudfeld,Det,QB,0,,,12-12-23
532,Ashton Dulin,Ind,WR,0,,,12-12-23
533,Jakeem Grant Sr.,Cle,WR,0,,,12-12-23
534,Mike Strachan,Car,WR,2.9,0,134,12-12-23
535,Joe Reed,Chi,WR,0,,,12-12-23
536,Jalen Virgil,Den,WR,0,,,12-12-23
537,Nick Muse,Min,TE,0,,,12-12-23
538,Jesper Horsted,LV,TE,0,,,12-12-23
539,Sean McKeon,Dal,TE,0,,,12-12-23
540,Scotty Washington,Bal,TE,0,,,12-12-23
541,Tom Kennedy,Det,WR,0,,,12-12-23
542,Kearis Jackson,Ten,WR,0,,,12-12-23
543,Matt Bushman,KC,TE,0,,,12-12-23
544,Avery Williams,Atl,RB,0,,,12-12-23
545,Jared Bernhardt,Atl,WR,0,,,12-12-23
546,Logan Woodside,Atl,QB,0,,,12-12-23
547,Kwamie Lassiter II,Cin,WR,0,,,12-12-23
548,Tyler Davis,GB,TE,0,,,12-12-23
549,Malik Taylor,NYJ,WR,0,,,12-12-23
550,Blake Jarwin,Dal,TE,0,,,12-12-23
551,Brittain Brown,LV,RB,0,,,12-12-23
552,Qadree Ollison,FA,RB,,,,12-12-23
553,Feleipe Franks,Atl,TE,0,,,12-12-23
554,Montrell Washington,KC,WR,0,,,12-12-23
555,Sutton Smith,LV,RB,0,,,12-12-23
556,Shane Zylstra,Det,TE,0,,,12-12-23
557,Devin Smith,Car,WR,0,,,12-12-23
558,Sean Mannion,Sea,QB,0,,,12-12-23
559,Jeremy McNichols,SF,RB,0,0,89.5,12-12-23
560,Michael Woods II,Cle,WR,0,,,12-12-23
561,Steven Sims,Hou,WR,0,,,12-12-23
562,Tyree Jackson,NYG,TE,0,,,12-12-23
563,Austin Walter,LV,RB,0,,,12-12-23
564,Jack Doyle,Ind,TE,0,,,12-12-23
565,Troy Hairston,Hou,RB,0,,,12-12-23
566,John Wolford,TB,QB,0,,,12-12-23
567,Parker Hesse,Atl,TE,0,,,12-12-23
568,Zach Davidson,Buf,TE,0,,,12-12-23
569,DJ Turner,LV,WR,0,0,134,12-12-23
570,Giovanni Ricci,Car,TE,0,,,12-12-23
571,Jonathan Ward,Ten,RB,0,0,89.5,12-12-23
572,Collin Johnson,Chi,WR,0,,,12-12-23
573,Seth Williams,Jax,WR,0,,,12-12-23
574,Keelan Doss,LAC,WR,0,,,12-12-23
575,Henry Pearson,GB,TE,0,,,12-12-23
576,Nick Vannett,LAC,TE,0,0,73,12-12-23
577,Kevin Rader,Ten,TE,1.1,0,73,12-12-23
578,Brady Russell,Sea,TE,0,0,73,12-12-23
579,Stanley Morgan,Cin,WR,0,,,12-12-23
580,Cethan Carter,Mia,TE,0,,,12-12-23
581,Hunter Kampmoyer,LAC,TE,0,,,12-12-23
582,Ben Ellefson,Min,TE,0,,,12-12-23
583,Tanner Conner,Mia,TE,0,,,12-12-23
584,Rodney Williams,Pit,TE,0,0,73,12-12-23
585,Frank Darby,Atl,WR,0,,,12-12-23
586,David Sills V,Den,WR,0,,,12-12-23
587,Jashaun Corbin,NYG,RB,0,,,12-12-23
588,Jaelon Darden,Cle,WR,0,,,12-12-23
589,Easop Winston Jr.,Sea,WR,0,,,12-12-23
590,Tucker Fisk,Atl,TE,0,,,12-12-23
591,Sammis Reyes,Jax,TE,0,,,12-12-23
592,Malcolm Perry,NE,WR,0,,,12-12-23
593,Noah Togiai,Phi,TE,0,,,12-12-23
594,Diontae Spencer,NYJ,WR,0,,,12-12-23
595,Josh Pederson,Jax,TE,0,0,73,12-12-23
596,Jacob Harris,Jax,WR,0,,,12-12-23
597,Stephen Anderson,LAC,TE,0,0,73,12-12-23
598,Princeton Fant,Dal,TE,0,0,73,12-12-23
599,Owen Wright,Bal,RB,0,,,12-12-23
600,Stephen Carlson,Chi,TE,0,,,12-12-23
601,Shedrick Jackson,Cin,WR,0,,,12-12-23
602,Ryan Miller,TB,WR,0,,,12-12-23
603,Chris Blair,Atl,WR,0,,,12-12-23
604,Terrell Bynum,LAC,WR,0,,,12-12-23
605,AJ McCarron,Cin,QB,0,-0.04,38,12-12-23
606,Israel Abanikanda,NYJ,RB,0,-0.1,102,12-12-23
607,Jameis Winston,NO,QB,0,-0.2,39,12-12-23
608,Isaiah McKenzie,Ind,WR,0.4,-2,158,12-12-23
609,James Conner,Ari,RB,,,,12-12-23
610,Terry McLaurin,Wsh,WR,,,,12-12-23
611,Trey McBride,Ari,TE,,,,12-12-23
612,Brian Robinson Jr.,Wsh,RB,,,,12-12-23
613,Kyler Murray,Ari,QB,,,,12-12-23
614,Marquise Brown,Ari,WR,,,,12-12-23
615,Jahan Dotson,Wsh,WR,,,,12-12-23
616,Sam Howell,Wsh,QB,,,,12-12-23
617,Antonio Gibson,Wsh,RB,,,,12-12-23
618,Curtis Samuel,Wsh,WR,,,,12-12-23
619,Logan Thomas,Wsh,TE,,,,12-12-23
620,Rondale Moore,Ari,WR,,,,12-12-23
621,Zach Ertz,FA,TE,,,,12-12-23
622,Darrell Henderson Jr.,FA,RB,,,,12-12-23
623,Michael Wilson,Ari,WR,,,,12-12-23
624,Emari Demercado,Ari,RB,,,,12-12-23
625,Greg Dortch,Ari,WR,,,,12-12-23
626,Leonard Fournette,Buf,RB,0,,,12-12-23
627,Chris Rodriguez Jr.,Wsh,RB,,,,12-12-23
628,Keaontay Ingram,KC,RB,0,,,12-12-23
629,Deon Jackson,NYG,RB,0,,,12-12-23
630,Rob Gronkowski,FA,TE,,,,12-12-23
631,Michael Carter,Ari,RB,,,,12-12-23
632,Antonio Brown,FA,WR,,,,12-12-23
633,Jacoby Brissett,Wsh,QB,,,,12-12-23
634,Adrian Peterson,FA,RB,,,,12-12-23
635,Marvin Jones Jr.,FA,WR,,,,12-12-23
636,La'Mical Perine,KC,RB,0,,,12-12-23
637,Bo Melton,GB,WR,0,,,12-12-23
638,Ronald Jones,FA,RB,,,,12-12-23
639,Tony Jones Jr.,Ari,RB,,,,12-12-23
640,Jeff Driskel,Cle,QB,0,,,12-12-23
641,Tim Boyle,FA,QB,,,,12-12-23
642,Josh Gordon,FA,WR,,,,12-12-23
643,Elijah Dotson,LAC,RB,0,,,12-12-23
644,Martavis Bryant,FA,WR,,,,12-12-23
645,PJ Walker,Cle,QB,0,,,12-12-23
646,Trace McSorley,FA,QB,,,,12-12-23
647,A.J. Green,FA,WR,,,,12-12-23
648,Myles Gaskin,Min,RB,0,,,12-12-23
649,Jamison Crowder,Wsh,WR,,,,12-12-23
650,Ryan Fitzpatrick,Wsh,QB,,,,12-12-23
651,James Robinson,NO,RB,0,,,12-12-23
652,Clayton Tune,Ari,QB,,,,12-12-23
653,Nick Foles,FA,QB,,,,12-12-23
654,DeSean Jackson,FA,WR,,,,12-12-23
655,Matt Ryan,FA,QB,,,,12-12-23
656,Dyami Brown,Wsh,WR,,,,12-12-23
657,Corey Clement,FA,RB,,,,12-12-23
658,T.Y. Hilton,FA,WR,,,,12-12-23
659,John Bates,Wsh,TE,,,,12-12-23
660,Tyrion Davis-Price,FA,RB,,,,12-12-23
661,Danny Amendola,FA,WR,,,,12-12-23
662,Mark Ingram II,FA,RB,,,,12-12-23
663,Tavon Austin,FA,WR,,,,12-12-23
664,Jermar Jefferson,FA,RB,,,,12-12-23
665,David Johnson,FA,RB,,,,12-12-23
666,Byron Pringle,Wsh,WR,,,,12-12-23
667,Jarvis Landry,FA,WR,,,,12-12-23
668,Cole Beasley,FA,WR,,,,12-12-23
669,Rex Burkhead,FA,RB,,,,12-12-23
670,DeWayne McBride,Min,RB,0,,,12-12-23
671,Cole Turner,Wsh,TE,,,,12-12-23
672,Max Duggan,LAC,QB,0,,,12-12-23
673,Mike Glennon,FA,QB,,,,12-12-23
674,Derek Watt,FA,RB,,,,12-12-23
675,Elijah Higgins,Ari,TE,,,,12-12-23
676,Colt McCoy,FA,QB,,,,12-12-23
677,Damien Williams,FA,RB,,,,12-12-23
678,Zack Kuntz,NYJ,TE,0,,,12-12-23
679,Chris Carson,FA,RB,,,,12-12-23
680,Zach Pascal,Ari,WR,,,,12-12-23
681,Kenny Golladay,FA,WR,,,,12-12-23
682,Jake Funk,FA,RB,,,,12-12-23
683,Devonta Freeman,FA,RB,,,,12-12-23
684,Matt Corral,FA,QB,,,,12-12-23
685,Wendell Smallwood,FA,RB,,,,12-12-23
686,John Kelly Jr.,Cle,RB,0,,,12-12-23
687,Binjimen Victor,FA,WR,,,,12-12-23
688,Sammy Watkins,FA,WR,,,,12-12-23
689,Chase Cota,FA,WR,,,,12-12-23
690,Joseph Ngata,FA,WR,,,,12-12-23
691,Emmanuel Sanders,FA,WR,,,,12-12-23
692,Bryce Perkins,FA,QB,,,,12-12-23
693,Matt Barkley,Jax,QB,0,,,12-12-23
694,Kurt Benkert,FA,QB,,,,12-12-23
695,Phillip Lindsay,FA,RB,,,,12-12-23
696,Quintez Cephus,FA,WR,,,,12-12-23
697,Josh Rosen,FA,QB,,,,12-12-23
698,John Ross,FA,WR,,,,12-12-23
699,Kyle Rudolph,FA,TE,,,,12-12-23
700,Roger Carter Jr.,FA,TE,,,,12-12-23
701,Trishton Jackson,Min,WR,0,,,12-12-23
702,Dax Milne,Wsh,WR,,,,12-12-23
703,Armani Rogers,Wsh,TE,,,,12-12-23
704,D'vonte Price,FA,RB,,,,12-12-23
705,N'Keal Harry,Min,WR,0,,,12-12-23
706,Grant DuBose,GB,WR,0,,,12-12-23
707,Marlon Mack,Ari,RB,,,,12-12-23
708,Paul Quessenberry,FA,TE,,,,12-12-23
709,Stanley Berryhill,FA,WR,,,,12-12-23
710,Amari Rodgers,FA,WR,,,,12-12-23
711,Geoff Swaim,Ari,TE,,,,12-12-23
712,Derrick Gore,Wsh,RB,,,,12-12-23
713,Anthony Brown,LV,QB,0,,,12-12-23
714,J.J. Arcega-Whiteside,FA,WR,,,,12-12-23
715,J.J. Taylor,FA,RB,,,,12-12-23
716,Simi Fehoko,LAC,WR,0,,,12-12-23
717,Jonathan Williams,Wsh,RB,,,,12-12-23
718,Ian Book,FA,QB,,,,12-12-23
719,Jake Fromm,Wsh,QB,,,,12-12-23
720,Will Grier,LAC,QB,0,,,12-12-23
721,Kristian Wilkerson,LV,WR,0,,,12-12-23
722,Adam Humphries,FA,WR,,,,12-12-23
723,Jared Cook,FA,TE,,,,12-12-23
724,Eric Ebron,FA,TE,,,,12-12-23
725,Dan Arnold,FA,TE,,,,12-12-23
726,Snoop Conner,FA,RB,,,,12-12-23
727,Anthony Schwartz,FA,WR,,,,12-12-23
728,Giovani Bernard,FA,RB,,,,12-12-23
729,Johnny Johnson III,Hou,WR,0,,,12-12-23
730,Carson Strong,FA,QB,,,,12-12-23
731,Mitchell Tinsley,Wsh,WR,,,,12-12-23
732,Penny Hart,FA,WR,,,,12-12-23
733,Caleb Huntley,FA,RB,,,,12-12-23
734,Benny Snell Jr.,FA,RB,,,,12-12-23
735,Dillon Stoner,FA,WR,,,,12-12-23
736,Chase Allen,FA,TE,,,,12-12-23
737,Zander Horvath,FA,RB,,,,12-12-23
738,Denzel Mims,FA,WR,,,,12-12-23
739,KJ Hamler,FA,WR,,,,12-12-23
740,Spencer Brown,Car,RB,0,,,12-12-23
741,Jeremy Sprinkle,FA,TE,,,,12-12-23
742,O.J. Howard,FA,TE,,,,12-12-23
743,Jalen Wydermyer,FA,TE,,,,12-12-23
744,Ethan Fernea,Ind,WR,0,,,12-12-23
745,Larry Rountree III,FA,RB,,,,12-12-23
746,William Fuller V,FA,WR,,,,12-12-23
747,Zach Gentry,LV,TE,0,,,12-12-23
748,J.D. McKissic,FA,RB,,,,12-12-23
749,James O'Shaughnessy,FA,TE,,,,12-12-23
750,Mataeo Durant,FA,RB,,,,12-12-23
751,Thaddeus Moss,FA,TE,,,,12-12-23
752,Shi Smith,FA,WR,,,,12-12-23
753,Josh Adams,FA,RB,,,,12-12-23
754,Tevin Coleman,FA,RB,,,,12-12-23
755,Lew Nichols,FA,RB,,,,12-12-23
756,Ethan Wolf,FA,TE,,,,12-12-23
757,Duke Johnson,FA,RB,,,,12-12-23
758,Devine Ozigbo,FA,RB,,,,12-12-23
759,Dante Pettis,FA,WR,,,,12-12-23
760,Chris Oladokun,KC,QB,0,,,12-12-23
761,Kellen Mond,FA,QB,,,,12-12-23
762,Chase Daniel,FA,QB,,,,12-12-23
763,Kalen Ballage,FA,RB,,,,12-12-23
764,Greg Ward,FA,WR,,,,12-12-23
765,Maurice Alexander,FA,WR,,,,12-12-23
766,Mike Davis,FA,RB,,,,12-12-23
767,Nate Stanley,FA,QB,,,,12-12-23
768,Braylon Sanders,FA,WR,,,,12-12-23
769,Lucky Jackson,Min,WR,,,,12-12-23
770,Cole McDonald,FA,QB,,,,12-12-23
771,Patrick Laird,FA,RB,,,,12-12-23
772,Shane Buechele,FA,QB,,,,12-12-23
773,Cullen Gillaspia,FA,RB,,,,12-12-23
774,Jesse James,FA,TE,,,,12-12-23
775,Antonio Gandy-Golden,Wsh,TE,,,,12-12-23
776,Davis Webb,FA,QB,,,,12-12-23
777,Nathan Rourke,NE,QB,,,,12-12-23
778,Peyton Barber,FA,RB,,,,12-12-23
779,Kirk Merritt,FA,RB,,,,12-12-23
780,Jordan Howard,FA,RB,,,,12-12-23
781,Garrett Gilbert,FA,QB,,,,12-12-23
782,Matt Sokol,NE,TE,0,,,12-12-23
783,Dez Fitzpatrick,FA,WR,,,,12-12-23
784,Chris Streveler,FA,QB,,,,12-12-23
785,Jake Tonges,FA,TE,,,,12-12-23
786,Elijah Holyfield,FA,RB,,,,12-12-23
787,Hakeem Butler,FA,WR,,,,12-12-23
788,Nakia Griffin-Stewart,FA,TE,,,,12-12-23
789,Kerryon Johnson,FA,RB,,,,12-12-23
790,Tarik Black,FA,WR,,,,12-12-23
791,Nick Ralston,FA,RB,,,,12-12-23
792,Alex Armah,Wsh,RB,,,,12-12-23
793,Malcolm Brown,FA,RB,,,,12-12-23
794,Reid Sinnett,FA,QB,,,,12-12-23
795,Wayne Gallman,FA,RB,,,,12-12-23
796,Danny Etling,FA,QB,,,,12-12-23
797,Trey Edmunds,FA,RB,,,,12-12-23
798,David Wells,TB,TE,0,,,12-12-23
799,David Blough,FA,QB,,,,12-12-23
800,Johnny Stanton IV,FA,RB,,,,12-12-23
801,Andy Janovich,FA,RB,,,,12-12-23
802,Ryan Griffin,FA,QB,,,,12-12-23
803,Abram Smith,FA,RB,,,,12-12-23
804,Gabe Nabers,FA,RB,,,,12-12-23
805,James Morgan,FA,QB,,,,12-12-23
806,James Washington,FA,WR,,,,12-12-23
807,Jacob Eason,NYG,QB,0,,,12-12-23
808,Anthony Gordon,FA,QB,,,,12-12-23
809,Devontae Booker,FA,RB,,,,12-12-23
810,Ben Mason,Bal,RB,0,,,12-12-23
811,Rashard Higgins,FA,WR,,,,12-12-23
812,Jake Bargas,FA,RB,,,,12-12-23
813,Darrel Williams,FA,RB,,,,12-12-23
814,Kevin Hogan,FA,QB,,,,12-12-23
815,Jake Luton,FA,QB,,,,12-12-23
816,Daylen Baldwin,FA,WR,,,,12-12-23
817,Jaret Patterson,LAC,RB,0,,,12-12-23
818,Cade Johnson,FA,WR,,,,12-12-23
819,Ricky Seals-Jones,FA,TE,,,,12-12-23
820,SaRodorick Thompson Jr.,FA,RB,,,,12-12-23
821,Mohamed Sanu,FA,WR,,,,12-12-23
822,Kenjon Barner,FA,RB,,,,12-12-23
823,Ito Smith,FA,RB,,,,12-12-23
824,Ty'Son Williams,FA,RB,,,,12-12-23
825,J.P. Holtz,FA,RB,,,,12-12-23
826,Taiwan Jones,FA,RB,,,,12-12-23
827,Tyler Johnson,LAR,WR,0,,,12-12-23
828,Damarea Crockett,FA,RB,,,,12-12-23
829,Breshad Perriman,FA,WR,,,,12-12-23
830,Adrian Killins,FA,RB,,,,12-12-23
831,Devin Asiasi,FA,TE,,,,12-12-23
832,Elijhaa Penny,FA,RB,,,,12-12-23
833,Racey McMath,FA,WR,,,,12-12-23
834,Brian Hill,FA,RB,,,,12-12-23
835,KeeSean Johnson,FA,WR,,,,12-12-23
836,Ryan Griffin,FA,TE,,,,12-12-23
837,JaQuan Hardy,FA,RB,,,,12-12-23
838,Anthony Miller,FA,WR,,,,12-12-23
839,Kylin Hill,FA,RB,,,,12-12-23
840,T.J. Vasher,FA,WR,,,,12-12-23
841,Tyler Mabry,Sea,TE,0,,,12-12-23
842,Demetric Felton Jr.,FA,RB,,,,12-12-23
843,Mason Kinsey,Ten,WR,0,,,12-12-23
844,Jaylen Samuels,FA,RB,,,,12-12-23
845,Mike Thomas,FA,WR,,,,12-12-23
846,Bryan Edwards,FA,WR,,,,12-12-23
847,Lee Smith,FA,TE,,,,12-12-23
848,Eric Tomlinson,Ind,TE,0,,,12-12-23
849,Ryquell Armstead,FA,RB,,,,12-12-23
850,Mason Schreck,FA,TE,,,,12-12-23
851,Cam Sims,Car,WR,0,,,12-12-23
852,Isaiah Ford,FA,WR,,,,12-12-23
853,Dontrell Hilliard,FA,RB,,,,12-12-23
854,Juwann Winfree,Ind,WR,0,,,12-12-23
855,Travis Fulgham,FA,WR,,,,12-12-23
856,John Brown,FA,WR,,,,12-12-23
857,Tommy Sweeney,FA,TE,,,,12-12-23
858,Jacques Patrick,NYJ,RB,0,,,12-12-23
859,Jason Huntley,FA,RB,,,,12-12-23
860,Kendall Hinton,FA,WR,,,,12-12-23
861,Josh Johnson,FA,RB,,,,12-12-23
862,Temarrick Hemingway,FA,TE,,,,12-12-23
863,Isaiah Zuber,FA,WR,,,,12-12-23
864,John Lovett,FA,RB,,,,12-12-23
865,Ryan Izzo,FA,TE,,,,12-12-23
866,Kaden Smith,FA,TE,,,,12-12-23
867,Tyrie Cleveland,Ind,WR,0,,,12-12-23
868,Nick Bowers,FA,TE,,,,12-12-23
869,Jalen Richard,FA,RB,,,,12-12-23
870,Damiere Byrd,FA,WR,,,,12-12-23
871,Daniel Brown,FA,TE,,,,12-12-23
872,Darwin Thompson,FA,RB,,,,12-12-23
873,Marcus Kemp,FA,WR,,,,12-12-23
874,Jordan Wilkins,FA,RB,,,,12-12-23
875,Freddie Swain,FA,WR,,,,12-12-23
876,Tony Poljan,FA,TE,,,,12-12-23
877,Daurice Fountain,FA,WR,,,,12-12-23
878,Ross Travis,FA,TE,,,,12-12-23
879,Kevin White,FA,WR,,,,12-12-23
880,Brandon Dillon,Wsh,TE,,,,12-12-23
881,Anthony Firkser,FA,TE,,,,12-12-23
882,Nate McCrary,FA,RB,,,,12-12-23
883,Keelan Cole Sr.,LV,WR,0,,,12-12-23
884,Nick Boyle,FA,TE,,,,12-12-23
885,Cameron Brate,FA,TE,,,,12-12-23
886,Buddy Howell,FA,RB,,,,12-12-23
887,KJ Hill Jr.,FA,WR,,,,12-12-23
888,Tay Martin,SF,WR,0,,,12-12-23
889,Vyncint Smith,FA,WR,,,,12-12-23
890,Tony Brown,FA,WR,,,,12-12-23
891,Pharoh Cooper,FA,WR,,,,12-12-23
892,Malik Turner,FA,WR,,,,12-12-23
893,Richard Rodgers,FA,TE,,,,12-12-23
894,Lance McCutcheon,NYJ,WR,0,,,12-12-23
895,Keke Coutee,FA,WR,,,,12-12-23
896,Marquez Stevenson,FA,WR,,,,12-12-23
897,Maxx Williams,FA,TE,,,,12-12-23
898,Maurice Ffrench,FA,WR,,,,12-12-23
899,Preston Williams,FA,WR,,,,12-12-23
900,Trestan Ebner,FA,RB,,,,12-12-23
901,Marcus Johnson,FA,WR,,,,12-12-23
902,Tyron Johnson,FA,WR,,,,12-12-23
903,Auden Tate,FA,WR,,,,12-12-23
904,Javon Wims,FA,WR,,,,12-12-23
905,Xavier Jones,FA,RB,,,,12-12-23
906,Cody White,Sea,WR,0,,,12-12-23
907,Nikola Kalinic,FA,TE,,,,12-12-23
908,Curtis Hodges,FA,TE,,,,12-12-23
909,Trinity Benson,FA,WR,,,,12-12-23
910,Ryan Nall,FA,RB,,,,12-12-23
911,Cornell Powell,FA,WR,,,,12-12-23
912,Dennis Houston,NYG,WR,0,,,12-12-23
913,Michael Warren II,FA,RB,,,,12-12-23
914,Antonio Williams,FA,RB,,,,12-12-23
915,Tommylee Lewis,FA,WR,,,,12-12-23
916,Ian Bunting,FA,TE,,,,12-12-23
917,Dede Westbrook,FA,WR,,,,12-12-23
918,Chris Myarick,FA,TE,,,,12-12-23
919,Jaydon Mickens,FA,WR,,,,12-12-23
920,Tommy Stevens,FA,TE,,,,12-12-23
921,Tommy Hudson,NO,TE,0,,,12-12-23
922,Kendall Blanton,FA,TE,,,,12-12-23
923,Travis Benjamin,FA,WR,,,,12-12-23
924,Dalton Keene,FA,TE,,,,12-12-23
925,Cameron Batson,FA,WR,,,,12-12-23
926,Kyric McGowan,FA,WR,,,,12-12-23
927,Dylan Drummond,FA,WR,,,,12-12-23
928,Dan Chisena,Bal,WR,0,,,12-12-23
929,Tory Carter,FA,RB,,,,12-12-23
930,Chester Rogers,FA,WR,,,,12-12-23
931,Sewo Olonilua,FA,RB,,,,12-12-23
932,Jeff Cotton,FA,WR,,,,12-12-23
933,Farrod Green,FA,TE,,,,12-12-23
934,Reggie Bonnafon,FA,RB,,,,12-12-23
935,Chris Herndon,FA,TE,,,,12-12-23
936,Deon Yelder,FA,TE,,,,12-12-23
937,Derek Carrier,FA,TE,,,,12-12-23
938,Jordan Veasy,FA,WR,,,,12-12-23
939,Jake Kumerow,FA,WR,,,,12-12-23
940,Jeff Smith,Ari,WR,,,,12-12-23
941,Andre Baccellia,Ari,WR,,,,12-12-23
942,Jordan Franks,FA,TE,,,,12-12-23
943,Javian Hawkins,FA,RB,,,,12-12-23
944,Matt LaCosse,FA,TE,,,,12-12-23
945,Jared Pinkney,FA,TE,,,,12-12-23
946,Kenny Stills,FA,WR,,,,12-12-23
947,Tajae Sharpe,FA,WR,,,,12-12-23
948,Darrell Daniels,FA,TE,,,,12-12-23
949,Dazz Newsome,FA,WR,,,,12-12-23
950,Jacob Hollister,FA,TE,,,,12-12-23
951,Daniel Helm,FA,TE,,,,12-12-23
952,LeVante Bellamy,FA,RB,,,,12-12-23
953,Dominique Dafney,FA,TE,,,,12-12-23
954,Rodney Adams,FA,WR,,,,12-12-23
955,Darren Fells,FA,TE,,,,12-12-23
956,Demetrius Harris,FA,TE,,,,12-12-23
957,Sage Surratt,FA,TE,,,,12-12-23
958,Javon Leake,FA,RB,,,,12-12-23
959,Miller Forristall,FA,TE,,,,12-12-23
960,Isaiah Wright,FA,WR,,,,12-12-23
961,Bisi Johnson,FA,WR,,,,12-12-23
962,Josh Hammond,FA,WR,,,,12-12-23
963,Luke Stocker,FA,TE,,,,12-12-23
964,Antonio Callaway,FA,WR,,,,12-12-23
965,Adam Shaheen,FA,TE,,,,12-12-23
966,Brandon Zylstra,FA,WR,,,,12-12-23
967,Aaron Fuller,FA,WR,,,,12-12-23
968,Ja'Marcus Bradley,FA,WR,,,,12-12-23
969,Garrett Griffin,FA,TE,,,,12-12-23
970,Colin Thompson,FA,TE,,,,12-12-23
971,J.J. Koski,FA,WR,,,,12-12-23
972,Dezmon Patmon,FA,WR,,,,12-12-23
973,Antony Auclair,FA,TE,,,,12-12-23
974,John Hightower,FA,WR,,,,12-12-23
975,Michael Bandy,Den,WR,0,,,12-12-23
976,Kahale Warring,FA,TE,,,,12-12-23
977,Mekhi Sargent,FA,RB,,,,12-12-23
978,Marvin Hall,FA,WR,,,,12-12-23
979,Jason Moore,FA,WR,,,,12-12-23
980,Darius Anderson,FA,RB,,,,12-12-23
981,Gerrid Doaks,FA,RB,,,,12-12-23
982,Brandon Smith,FA,WR,,,,12-12-23
983,Kawaan Baker,FA,WR,,,,12-12-23
984,Codey McElroy,FA,TE,,,,12-12-23
985,Rodney Smith,FA,RB,,,,12-12-23
986,Ellis Merriweather,FA,RB,,,,12-12-23
987,JoJo Natson,FA,WR,,,,12-12-23
988,Landen Akers,FA,WR,,,,12-12-23
989,Geronimo Allison,FA,WR,,,,12-12-23
990,Tyrell Williams,FA,WR,,,,12-12-23
991,Jordan Matthews,Car,TE,0,,,12-12-23
992,Raleigh Webb,FA,WR,,,,12-12-23
993,C.J. Saunders,FA,WR,,,,12-12-23
994,Darius Bradwell,FA,RB,,,,12-12-23
995,Nathan Cottrell,FA,RB,,,,12-12-23
996,Trey Ragas,FA,RB,,,,12-12-23
997,Austin Mack,Atl,WR,0,,,12-12-23
998,Tanner Gentry,FA,WR,,,,12-12-23
999,Jeff Thomas,FA,WR,,,,12-12-23
1000,Isaiah Coulter,FA,WR,,,,12-12-23
1001,Nsimba Webster,Chi,WR,0,,,12-12-23
1002,Artavis Pierce,FA,RB,,,,12-12-23
1003,Jordan Scarlett,FA,RB,,,,12-12-23
1004,Cole Fotheringham,LV,TE,,,,12-12-23