PLAYER NAME,PLAYER TEAM,PLAYER POSITION,OPP,STATUS,PROJ,PASSING C/A,PASSING YDS,PASSING TD,PASSING INT,RUSHING CAR,RUSHING YDS,RUSHING TD,RECEIVING REC,RECEIVING YDS,RECEIVING TD,RECEIVING TAR,MISC 2PC,MISC FUML,MISC TD,TOTAL
Tyreek Hill,Mia,WR,@LAC,W 36-34,20.5,0/0,0,0,0,0,0,0,11,215,2,15,0,0,0,44.5
Brandon Aiyuk,SF,WR,@Pit,W 30-7,10.6,0/0,0,0,0,0,0,0,8,129,2,8,0,0,0,32.9
Jakobi Meyers,LV,WR,@Den,W 17-16,10.9,0/0,0,0,0,0,0,0,9,81,2,10,0,0,0,29.1
Tua Tagovailoa,Mia,QB,@LAC,W 36-34,17.6,28/45,466,3,1,5,5,0,0,0,0,0,0,1,0,27.14
Aaron Jones,GB,RB,@Chi,W 38-20,15.5,0/0,0,0,0,9,41,1,2,86,1,4,0,0,0,26.7
Austin Ekeler,LAC,RB,Mia,L 34-36,17.9,0/0,0,0,0,16,117,1,4,47,0,5,0,0,0,26.4
Stefon Diggs,Buf,WR,@NYJ,L 16-22,16.0,0/0,0,0,0,0,0,0,10,102,1,13,0,0,0,26.2
Christian McCaffrey,SF,RB,@Pit,W 30-7,17.3,0/0,0,0,0,22,152,1,3,17,0,5,0,0,0,25.9
Tyler Allgeier,Atl,RB,Car,W 24-10,8.8,0/0,0,0,0,15,75,2,3,19,0,3,0,0,0,24.4
Kendrick Bourne,NE,WR,Phi,L 20-25,10.0,0/0,0,0,0,0,0,0,6,64,2,11,0,0,0,24.4
Mac Jones,NE,QB,Phi,L 20-25,14.7,35/54,316,3,1,2,15,0,0,0,0,0,0,0,0,24.14
Calvin Ridley,Jax,WR,@Ind,W 31-21,14.2,0/0,0,0,0,0,0,0,8,101,1,11,0,0,0,24.1
Justin Jefferson,Min,WR,TB,L 17-20,20.1,0/0,0,0,0,0,0,0,9,150,0,12,0,0,0,24.0
Michael Pittman Jr.,Ind,WR,Jax,L 21-31,12.0,0/0,0,0,0,0,0,0,8,97,1,11,0,0,0,23.7
Jordan Love,GB,QB,@Chi,W 38-20,14.8,15/27,245,3,0,3,12,0,0,0,0,0,0,0,0,23.0
Tony Pollard,Dal,RB,@NYG,W 40-0,17.5,0/0,0,0,0,14,70,2,2,12,0,3,0,0,0,22.2
Puka Nacua,LAR,WR,@Sea,W 30-13,8.4,0/0,0,0,0,0,0,0,10,119,0,15,0,0,0,21.9
Travis Etienne Jr.,Jax,RB,@Ind,W 31-21,15.1,0/0,0,0,0,18,77,1,5,27,0,5,0,0,0,21.4
Anthony Richardson,Ind,QB,Jax,L 21-31,17.2,24/37,223,1,1,10,40,1,0,0,0,0,0,0,0,20.92
Justin Herbert,LAC,QB,Mia,L 34-36,16.9,23/33,229,1,0,5,17,1,0,0,0,0,0,0,0,20.86
Deshaun Watson,Cle,QB,Cin,W 24-3,18.5,16/29,154,1,1,5,45,1,0,0,0,0,0,0,0,20.66
Bijan Robinson,Atl,RB,Car,W 24-10,17.8,0/0,0,0,0,10,56,0,6,27,1,6,0,0,0,20.3
Patrick Mahomes,KC,QB,Det,L 20-21,24.7,21/39,226,2,1,6,45,0,0,0,0,0,0,0,0,19.54
Chris Olave,NO,WR,Ten,W 16-15,14.4,0/0,0,0,0,0,0,0,8,112,0,10,0,0,0,19.2
Amon-Ra St. Brown,Det,WR,@KC,W 21-20,16.7,0/0,0,0,0,0,0,0,6,71,1,9,0,0,0,19.1
Rashid Shaheed,NO,WR,Ten,W 16-15,6.0,0/0,0,0,0,2,11,0,5,89,1,6,0,1,0,19.0
Mike Evans,TB,WR,@Min,W 20-17,13.8,0/0,0,0,0,0,0,0,6,66,1,10,0,0,0,18.6
Romeo Doubs,GB,WR,@Chi,W 38-20,9.9,0/0,0,0,0,0,0,0,4,26,2,5,0,0,0,18.6
Tutu Atwell,LAR,WR,@Sea,W 30-13,9.3,0/0,0,0,0,0,0,0,6,119,0,8,0,0,0,17.9
Trevor Lawrence,Jax,QB,@Ind,W 31-21,18.5,24/32,241,2,1,7,21,0,0,0,0,0,0,0,0,17.74
Zay Flowers,Bal,WR,Hou,W 25-9,9.9,0/0,0,0,0,2,9,0,9,78,0,10,0,0,0,17.7
DeVonta Smith,Phi,WR,@NE,W 25-20,14.0,0/0,0,0,0,0,0,0,7,47,1,10,0,0,0,17.7
Roschon Johnson,Chi,RB,GB,L 20-38,2.2,0/0,0,0,0,5,20,1,6,35,0,7,0,0,0,17.5
Kyren Williams,LAR,RB,@Sea,W 30-13,6.1,0/0,0,0,0,15,52,2,0,2,0,2,0,0,0,17.4
Brock Purdy,SF,QB,@Pit,W 30-7,13.8,19/29,220,2,0,3,20,0,0,0,0,0,0,1,0,16.8
Nick Chubb,Cle,RB,Cin,W 24-3,15.5,0/0,0,0,0,18,106,0,4,21,0,4,0,0,0,16.7
Hunter Henry,NE,TE,Phi,L 20-25,6.5,0/0,0,0,0,0,0,0,5,56,1,6,0,0,0,16.6
Zay Jones,Jax,WR,@Ind,W 31-21,8.7,0/0,0,0,0,0,0,0,5,55,1,7,0,0,0,16.5
Kirk Cousins,Min,QB,TB,L 17-20,17.4,33/44,344,2,1,3,7,0,0,0,0,0,0,2,0,16.46
Jordan Addison,Min,WR,TB,L 17-20,9.4,0/0,0,0,0,0,0,0,4,61,1,6,0,0,0,16.1
Baker Mayfield,TB,QB,@Min,W 20-17,14.7,21/34,173,2,0,8,11,0,0,0,0,0,0,0,0,16.02
Breece Hall,NYJ,RB,Buf,W 22-16,7.5,0/0,0,0,0,10,127,0,1,20,0,2,0,0,0,15.7
Darnell Mooney,Chi,WR,GB,L 20-38,9.2,0/0,0,0,0,0,0,0,4,53,1,7,0,0,0,15.3
Russell Wilson,Den,QB,LV,L 16-17,18.6,27/34,177,2,0,1,1,0,0,0,0,0,0,0,0,15.18
Sam Howell,Wsh,QB,Ari,W 20-16,16.6,19/31,202,1,1,2,11,1,0,0,0,0,0,1,0,15.18
Hayden Hurst,Car,TE,@Atl,L 10-24,6.8,0/0,0,0,0,0,0,0,5,41,1,7,0,0,0,15.1
Joshua Kelley,LAC,RB,Mia,L 34-36,5.9,0/0,0,0,0,16,91,1,0,0,0,1,0,0,0,15.1
Jimmy Garoppolo,LV,QB,@Den,W 17-16,15.4,20/26,200,2,1,9,11,0,0,0,0,0,0,0,0,15.1
A.J. Brown,Phi,WR,@NE,W 25-20,14.6,0/0,0,0,0,0,0,0,7,79,0,10,0,0,0,14.9
Rhamondre Stevenson,NE,RB,Phi,L 20-25,15.1,0/0,0,0,0,12,25,0,6,64,0,6,0,0,0,14.9
Derek Carr,NO,QB,Ten,W 16-15,14.8,23/33,305,1,1,3,4,0,0,0,0,0,0,0,0,14.6
Justin Fields,Chi,QB,GB,L 20-38,19.5,24/37,216,1,1,9,59,0,0,0,0,0,0,1,0,14.54
Matthew Stafford,LAR,QB,@Sea,W 30-13,16.2,24/38,334,0,0,3,11,0,0,0,0,0,0,0,0,14.46
Garrett Wilson,NYJ,WR,Buf,W 22-16,16.4,0/0,0,0,0,0,0,0,5,34,1,5,0,0,0,14.4
Keenan Allen,LAC,WR,Mia,L 34-36,14.1,0/0,0,0,0,2,6,0,6,76,0,9,0,0,0,14.2
Jared Goff,Det,QB,@KC,W 21-20,15.8,22/35,253,1,0,5,-1,0,0,0,0,0,0,0,0,14.02
Nico Collins,Hou,WR,@Bal,L 9-25,10.1,0/0,0,0,0,0,0,0,6,80,0,11,0,0,0,14.0
Derrick Henry,Ten,RB,@NO,L 15-16,17.1,0/0,0,0,0,15,63,0,2,56,0,3,0,0,0,13.9
DK Metcalf,Sea,WR,LAR,L 13-30,15.6,0/0,0,0,0,0,0,0,3,47,1,5,0,0,0,13.7
Brian Robinson Jr.,Wsh,RB,Ari,W 20-16,11.3,0/0,0,0,0,19,59,0,1,7,1,2,0,0,0,13.6
DeAndre Hopkins,Ten,WR,@NO,L 15-16,13.5,0/0,0,0,0,0,0,0,7,65,0,13,0,0,0,13.5
David Montgomery,Det,RB,@KC,W 21-20,12.3,0/0,0,0,0,21,74,1,0,0,0,0,0,0,0,13.4
Alexander Mattison,Min,RB,TB,L 17-20,14.4,0/0,0,0,0,11,34,0,3,10,1,4,0,0,0,13.4
Courtland Sutton,Den,WR,LV,L 16-17,13.1,0/0,0,0,0,0,0,0,4,32,1,5,0,0,0,13.2
Raheem Mostert,Mia,RB,@LAC,W 36-34,12.8,0/0,0,0,0,10,37,1,2,13,0,2,0,0,0,13.0
River Cracraft,Mia,WR,@LAC,W 36-34,0.6,0/0,0,0,0,0,0,0,3,40,1,5,0,0,0,13.0
Justice Hill,Bal,RB,Hou,W 25-9,3.1,0/0,0,0,0,8,9,2,0,0,0,0,0,0,0,12.9
Davante Adams,LV,WR,@Den,W 17-16,19.0,0/0,0,0,0,0,0,0,6,66,0,9,0,0,0,12.6
Jalen Hurts,Phi,QB,@NE,W 25-20,21.3,22/33,170,1,0,9,37,0,0,0,0,0,0,1,0,12.5
James Conner,Ari,RB,@Wsh,L 16-20,14.9,0/0,0,0,0,14,62,0,5,8,0,5,0,0,0,12.0
Josh Reynolds,Det,WR,@KC,W 21-20,5.7,0/0,0,0,0,0,0,0,4,80,0,7,0,0,0,12.0
Jaylen Waddle,Mia,WR,@LAC,W 36-34,15.3,0/0,0,0,0,0,0,0,4,78,0,5,0,0,0,11.8
Miles Sanders,Car,RB,@Atl,L 10-24,14.2,0/0,0,0,0,18,72,0,4,26,0,6,0,1,0,11.8
Samaje Perine,Den,RB,LV,L 16-17,11.5,0/0,0,0,0,8,41,0,4,37,0,4,0,0,0,11.8
CeeDee Lamb,Dal,WR,@NYG,W 40-0,17.7,0/0,0,0,0,0,0,0,4,77,0,4,0,0,0,11.7
J.K. Dobbins,Bal,RB,Hou,W 25-9,12.7,0/0,0,0,0,8,22,1,2,15,0,3,0,0,0,11.7
Robert Woods,Hou,WR,@Bal,L 9-25,7.4,0/0,0,0,0,0,0,0,6,57,0,10,0,0,0,11.7
Rashee Rice,KC,WR,Det,L 20-21,5.1,0/0,0,0,0,1,-3,0,3,29,1,5,0,0,0,11.6
T.J. Hockenson,Min,TE,TB,L 17-20,12.5,0/0,0,0,0,0,0,0,8,35,0,9,0,0,0,11.5
Khalil Herbert,Chi,RB,GB,L 20-38,11.4,0/0,0,0,0,9,27,0,3,37,0,5,0,0,0,11.4
Kenneth Gainwell,Phi,RB,@NE,W 25-20,8.9,0/0,0,0,0,14,54,0,4,20,0,4,0,0,0,11.4
Allen Robinson II,Pit,WR,SF,L 7-30,5.8,0/0,0,0,0,0,0,0,5,64,0,8,0,0,0,11.4
Deebo Samuel,SF,WR,@Pit,W 30-7,14.2,0/0,0,0,0,2,8,0,5,55,0,7,0,0,0,11.3
Donald Parham Jr.,LAC,TE,Mia,L 34-36,3.3,0/0,0,0,0,0,0,0,3,22,1,3,0,0,0,11.2
Michael Thomas,NO,WR,Ten,W 16-15,12.2,0/0,0,0,0,0,0,0,5,61,0,8,0,0,0,11.1
Curtis Samuel,Wsh,WR,Ari,W 20-16,8.3,0/0,0,0,0,1,6,0,5,54,0,5,0,0,0,11.0
Kenneth Walker III,Sea,RB,LAR,L 13-30,14.5,0/0,0,0,0,12,64,0,4,3,0,5,0,0,0,10.7
C.J. Stroud,Hou,QB,@Bal,L 9-25,12.9,28/44,242,0,0,4,20,0,1,0,0,1,0,1,0,10.68
KaVontae Turpin,Dal,WR,@NYG,W 40-0,1.0,0/0,0,0,0,3,14,1,2,11,0,3,0,0,0,10.5
Joe Mixon,Cin,RB,@Cle,L 3-24,14.8,0/0,0,0,0,13,56,0,3,17,0,5,0,0,0,10.3
James Cook,Buf,RB,@NYJ,L 16-22,12.3,0/0,0,0,0,12,46,0,4,17,0,6,0,0,0,10.3
Chris Godwin,TB,WR,@Min,W 20-17,14.1,0/0,0,0,0,0,0,0,5,51,0,6,0,0,0,10.1
Evan Engram,Jax,TE,@Ind,W 31-21,9.9,0/0,0,0,0,0,0,0,5,49,0,5,0,0,0,9.9
Nick Westbrook-Ikhine,Ten,WR,@NO,L 15-16,4.9,0/0,0,0,0,0,0,0,4,58,0,7,0,0,0,9.8
Javonte Williams,Den,RB,LV,L 16-17,11.1,0/0,0,0,0,13,52,0,4,5,0,6,0,0,0,9.7
Calvin Austin III,Pit,WR,SF,L 7-30,1.2,0/0,0,0,0,0,0,0,6,37,0,6,0,0,0,9.7
Kenny Pickett,Pit,QB,SF,L 7-30,14.4,31/46,232,1,2,1,4,0,0,0,0,0,0,0,0,9.68
Isiah Pacheco,KC,RB,Det,L 20-21,11.5,0/0,0,0,0,8,23,0,4,31,0,4,0,0,0,9.4
Cole Kmet,Chi,TE,GB,L 20-38,8.5,0/0,0,0,0,1,0,0,5,44,0,7,0,0,0,9.4
Saquon Barkley,NYG,RB,Dal,L 0-40,16.9,0/0,0,0,0,12,51,0,3,12,0,4,0,0,0,9.3
Elijah Moore,Cle,WR,Cin,W 24-3,8.5,0/0,0,0,0,2,19,0,3,43,0,7,0,0,0,9.2
Blake Bell,KC,TE,Det,L 20-21,4.7,0/0,0,0,0,0,0,0,2,12,1,3,0,0,0,9.2
Ja'Marr Chase,Cin,WR,@Cle,L 3-24,20.4,0/0,0,0,0,1,2,0,5,39,0,9,0,0,0,9.1
Josh Jacobs,LV,RB,@Den,W 17-16,16.5,0/0,0,0,0,19,48,0,2,23,0,3,0,0,0,9.1
Lil'Jordan Humphrey,Den,WR,LV,L 16-17,1.6,0/0,0,0,0,0,0,0,2,11,1,2,0,0,0,9.1
Geno Smith,Sea,QB,LAR,L 13-30,19.2,16/26,112,1,0,1,6,0,0,0,0,0,0,0,0,9.08
Josh Allen,Buf,QB,@NYJ,L 16-22,21.1,29/41,236,1,3,6,36,0,0,0,0,0,0,1,0,9.04
Jahan Dotson,Wsh,WR,Ari,W 20-16,11.2,0/0,0,0,0,0,0,0,5,40,0,7,0,0,0,9.0
Sam LaPorta,Det,TE,@KC,W 21-20,7.4,0/0,0,0,0,0,0,0,5,39,0,5,0,0,0,8.9
Dalvin Cook,NYJ,RB,Buf,W 22-16,12.0,0/0,0,0,0,13,33,0,3,26,0,3,0,0,0,8.9
Cam Akers,Min,RB,TB,L 17-20,13.5,0/0,0,0,0,22,29,1,0,0,0,0,0,0,0,8.9
Chuba Hubbard,Car,RB,@Atl,L 10-24,5.9,0/0,0,0,0,9,60,0,2,9,0,2,0,0,0,8.9
Desmond Ridder,Atl,QB,Car,W 24-10,12.8,15/18,115,1,0,1,-1,0,1,-6,0,1,0,0,0,8.9
Trey Palmer,TB,WR,@Min,W 20-17,2.7,0/0,0,0,0,0,0,0,2,8,1,3,0,0,0,8.8
Marquise Brown,Ari,WR,@Wsh,L 16-20,12.6,0/0,0,0,0,1,29,0,3,28,0,5,0,0,0,8.7
George Pickens,Pit,WR,SF,L 7-30,10.8,0/0,0,0,0,0,0,0,5,36,0,7,0,0,0,8.6
Mike Williams,LAC,WR,Mia,L 34-36,12.8,0/0,0,0,0,0,0,0,4,45,0,5,0,0,0,8.5
Harrison Bryant,Cle,TE,Cin,W 24-3,2.2,0/0,0,0,0,0,0,0,2,5,1,2,0,0,0,8.5
Adam Trautman,Den,TE,LV,L 16-17,2.2,0/0,0,0,0,0,0,0,5,34,0,5,0,0,0,8.4
Logan Thomas,Wsh,TE,Ari,W 20-16,7.1,0/0,0,0,0,0,0,0,4,43,0,8,0,0,0,8.3
Zach Wilson,NYJ,QB,Buf,W 22-16,0.0,14/21,140,1,1,4,6,0,0,0,0,0,0,0,0,8.2
Zach Ertz,Ari,TE,@Wsh,L 16-20,6.2,0/0,0,0,0,0,0,0,6,21,0,10,0,0,0,8.1
Jahmyr Gibbs,Det,RB,@KC,W 21-20,14.0,0/0,0,0,0,7,42,0,2,18,0,2,0,0,0,8.0
Luke Musgrave,GB,TE,@Chi,W 38-20,6.7,0/0,0,0,0,0,0,0,3,50,0,4,0,0,0,8.0
Demario Douglas,NE,WR,Phi,L 20-25,6.9,0/0,0,0,0,0,0,0,4,40,0,7,0,0,0,8.0
Tyler Higbee,LAR,TE,@Sea,W 30-13,11.8,0/0,0,0,0,0,0,0,3,49,0,3,0,0,0,7.9
Kylen Granson,Ind,TE,Jax,L 21-31,3.5,0/0,0,0,0,0,0,0,4,39,0,6,0,0,0,7.9
Diontae Johnson,Pit,WR,SF,L 7-30,13.2,0/0,0,0,0,0,0,0,3,48,0,6,0,0,0,7.8
Bryce Young,Car,QB,@Atl,L 10-24,14.1,20/38,146,1,2,3,17,0,0,0,0,0,0,0,0,7.54
Rondale Moore,Ari,WR,@Wsh,L 16-20,8.9,0/0,0,0,0,2,12,0,3,33,0,3,0,0,0,7.5
Durham Smythe,Mia,TE,@LAC,W 36-34,4.8,0/0,0,0,0,0,0,0,3,44,0,7,0,0,0,7.4
JuJu Smith-Schuster,NE,WR,Phi,L 20-25,10.8,0/0,0,0,0,0,0,0,4,33,0,7,0,0,0,7.3
Ezekiel Elliott,NE,RB,Phi,L 20-25,7.6,0/0,0,0,0,7,29,0,5,14,0,7,0,1,0,7.3
Pat Freiermuth,Pit,TE,SF,L 7-30,9.5,0/0,0,0,0,0,0,0,1,3,1,4,0,0,0,7.3
Jamaal Williams,NO,RB,Ten,W 16-15,14.5,0/0,0,0,0,18,45,0,2,7,0,2,0,0,0,7.2
Braxton Berrios,Mia,WR,@LAC,W 36-34,5.0,0/0,0,0,0,0,0,0,3,42,0,5,0,0,0,7.2
Rachaad White,TB,RB,@Min,W 20-17,13.9,0/0,0,0,0,17,39,0,2,10,0,2,0,0,0,6.9
Jaylen Warren,Pit,RB,SF,L 7-30,6.7,0/0,0,0,0,3,6,0,5,12,0,6,0,0,0,6.8
Marquez Valdes-Scantling,KC,WR,Det,L 20-21,9.5,0/0,0,0,0,0,0,0,2,48,0,2,0,0,0,6.8
Amari Cooper,Cle,WR,Cin,W 24-3,13.6,0/0,0,0,0,0,0,0,3,37,0,7,0,0,0,6.7
Dameon Pierce,Hou,RB,@Bal,L 9-25,13.6,0/0,0,0,0,11,38,0,2,9,0,3,0,0,0,6.7
Allen Lazard,NYJ,WR,Buf,W 22-16,9.4,0/0,0,0,0,0,0,0,2,46,0,4,0,0,0,6.6
Jayden Reed,GB,WR,@Chi,W 38-20,9.5,0/0,0,0,0,1,-2,0,2,48,0,5,0,0,0,6.6
Darren Waller,NYG,TE,Dal,L 0-40,12.1,0/0,0,0,0,0,0,0,3,36,0,5,0,0,0,6.6
Dalton Kincaid,Buf,TE,@NYJ,L 16-22,6.7,0/0,0,0,0,0,0,0,4,26,0,4,0,0,0,6.6
Juwan Johnson,NO,TE,Ten,W 16-15,8.0,0/0,0,0,0,0,0,0,3,36,0,5,0,0,0,6.6
Mike Gesicki,NE,TE,Phi,L 20-25,7.2,0/0,0,0,0,0,0,0,3,36,0,3,0,0,0,6.6
Lamar Jackson,Bal,QB,Hou,W 25-9,22.5,17/22,169,0,1,6,38,0,0,0,0,0,0,1,0,6.56
Rashod Bateman,Bal,WR,Hou,W 25-9,7.0,0/0,0,0,0,0,0,0,3,35,0,3,0,0,0,6.5
Justin Watson,KC,WR,Det,L 20-21,2.8,0/0,0,0,0,0,0,0,2,45,0,4,0,0,0,6.5
Kyle Pitts,Atl,TE,Car,W 24-10,10.1,0/0,0,0,0,0,0,0,2,44,0,3,0,0,0,6.4
Tank Dell,Hou,WR,@Bal,L 9-25,4.9,0/0,0,0,0,0,0,0,3,34,0,4,0,0,0,6.4
Van Jefferson,LAR,WR,@Sea,W 30-13,10.8,0/0,0,0,0,0,0,0,4,24,0,5,0,0,0,6.4
Dak Prescott,Dal,QB,@NYG,W 40-0,18.4,13/24,143,0,0,1,6,0,0,0,0,0,0,0,0,6.32
Josh Oliver,Min,TE,TB,L 17-20,1.8,0/0,0,0,0,0,0,0,3,32,0,3,0,0,0,6.2
K.J. Osborn,Min,WR,TB,L 17-20,7.9,0/0,0,0,0,0,0,0,3,31,0,6,0,0,0,6.1
Noah Gray,KC,TE,Det,L 20-21,7.0,0/0,0,0,0,0,0,0,3,31,0,5,0,0,0,6.1
Mack Hollins,Atl,WR,Car,W 24-10,6.3,0/0,0,0,0,0,0,0,3,31,0,4,0,0,0,6.1
Josh Downs,Ind,WR,Jax,L 21-31,5.1,0/0,0,0,0,0,0,0,3,30,0,7,0,0,0,6.0
Xavier Gipson,NYJ,WR,Buf,W 22-16,0.0,0/0,0,0,0,0,0,0,0,0,0,0,0,0,1,6.0
Odell Beckham Jr.,Bal,WR,Hou,W 25-9,10.8,0/0,0,0,0,0,0,0,2,37,0,3,0,0,0,5.7
AJ Dillon,GB,RB,@Chi,W 38-20,11.2,0/0,0,0,0,13,19,0,2,17,0,3,0,0,0,5.6
Dawson Knox,Buf,TE,@NYJ,L 16-22,6.9,0/0,0,0,0,0,0,0,3,25,0,4,0,0,0,5.5
Alec Ingold,Mia,RB,@LAC,W 36-34,2.3,0/0,0,0,0,0,0,0,2,34,0,2,0,0,0,5.4
Najee Harris,Pit,RB,SF,L 7-30,13.6,0/0,0,0,0,6,31,0,2,2,0,2,0,0,0,5.3
Tank Bigsby,Jax,RB,@Ind,W 31-21,5.9,0/0,0,0,0,7,13,1,0,0,0,1,0,1,0,5.3
Gabe Davis,Buf,WR,@NYJ,L 16-22,10.1,0/0,0,0,0,0,0,0,2,32,0,4,0,0,0,5.2
Gus Edwards,Bal,RB,Hou,W 25-9,5.4,0/0,0,0,0,8,32,0,0,0,0,0,0,0,0,5.2
Terry McLaurin,Wsh,WR,Ari,W 20-16,13.1,0/0,0,0,0,0,0,0,2,31,0,4,0,0,0,5.1
Brandon Johnson,Den,WR,LV,L 16-17,6.1,0/0,0,0,0,0,0,0,2,31,0,3,0,0,0,5.1
George Kittle,SF,TE,@Pit,W 30-7,10.5,0/0,0,0,0,0,0,0,3,19,0,6,0,0,0,4.9
Noah Brown,Hou,WR,@Bal,L 9-25,5.4,0/0,0,0,0,1,-1,0,3,20,0,4,0,0,0,4.9
Mike Boone,Hou,RB,@Bal,L 9-25,1.5,0/0,0,0,0,0,0,0,3,18,0,4,0,0,0,4.8
Treylon Burks,Ten,WR,@NO,L 15-16,9.8,0/0,0,0,0,1,9,0,2,18,0,3,0,0,0,4.7
Irv Smith Jr.,Cin,TE,@Cle,L 3-24,6.8,0/0,0,0,0,0,0,0,3,17,0,5,0,0,0,4.7
DJ Moore,Chi,WR,GB,L 20-38,12.7,0/0,0,0,0,0,0,0,2,25,0,2,0,0,0,4.5
Darius Slayton,NYG,WR,Dal,L 0-40,6.9,0/0,0,0,0,0,0,0,3,15,0,5,0,0,0,4.5
Daniel Jones,NYG,QB,Dal,L 0-40,17.5,15/28,104,0,2,13,43,0,0,0,0,0,0,0,0,4.46
David Njoku,Cle,TE,Cin,W 24-3,10.0,0/0,0,0,0,0,0,0,2,24,0,3,0,0,0,4.4
D'Onta Foreman,Chi,RB,GB,L 20-38,5.2,0/0,0,0,0,5,16,0,2,8,0,3,0,0,0,4.4
Sean Tucker,TB,RB,@Min,W 20-17,4.4,0/0,0,0,0,5,15,0,2,9,0,2,0,0,0,4.4
Gerald Everett,LAC,TE,Mia,L 34-36,7.5,0/0,0,0,0,1,2,0,2,21,0,3,0,0,0,4.3
Terrace Marshall Jr.,Car,WR,@Atl,L 10-24,6.5,0/0,0,0,0,0,0,0,2,23,0,6,0,0,0,4.3
Trey McBride,Ari,TE,@Wsh,L 16-20,4.4,0/0,0,0,0,0,0,0,2,23,0,2,0,0,0,4.3
Jaxon Smith-Njigba,Sea,WR,LAR,L 13-30,9.1,0/0,0,0,0,0,0,0,3,13,0,5,0,0,0,4.3
Deonte Harty,Buf,WR,@NYJ,L 16-22,5.6,0/0,0,0,0,1,4,0,3,9,0,4,0,0,0,4.3
Brandin Cooks,Dal,WR,@NYG,W 40-0,11.9,0/0,0,0,0,0,0,0,2,22,0,4,0,0,0,4.2
Greg Dulcich,Den,TE,LV,L 16-17,7.2,0/0,0,0,0,0,0,0,2,22,0,2,0,0,0,4.2
Laviska Shenault Jr.,Car,WR,@Atl,L 10-24,6.6,0/0,0,0,0,2,5,0,2,16,0,2,0,0,0,4.1
Michael Wilson,Ari,WR,@Wsh,L 16-20,5.4,0/0,0,0,0,0,0,0,2,19,0,4,0,0,0,3.9
Damien Harris,Buf,RB,@NYJ,L 16-22,5.8,0/0,0,0,0,1,3,0,2,16,0,2,0,0,0,3.9
Clyde Edwards-Helaire,KC,RB,Det,L 20-21,5.5,0/0,0,0,0,6,22,0,1,7,0,1,0,0,0,3.9
Cade Otton,TB,TE,@Min,W 20-17,6.8,0/0,0,0,0,0,0,0,2,19,0,3,0,0,0,3.9
Connor Heyward,Pit,TE,SF,L 7-30,1.8,0/0,0,0,0,0,0,0,2,19,0,4,0,0,0,3.9
Deon Jackson,FA,RB,--,,--,0/0,0,0,0,13,14,0,5,14,0,6,0,2,0,--
Tyjae Spears,Ten,RB,@NO,L 15-16,3.4,0/0,0,0,0,3,27,0,1,1,0,4,0,0,0,3.8
Michael Carter,NYJ,RB,Buf,W 22-16,2.6,0/0,0,0,0,1,6,0,2,12,0,2,0,0,0,3.8
Samori Toure,GB,WR,@Chi,W 38-20,3.1,0/0,0,0,0,0,0,0,2,18,0,3,0,0,0,3.8
Jonathan Mingo,Car,WR,@Atl,L 10-24,9.3,0/0,0,0,0,0,0,0,2,17,0,5,0,0,0,3.7
Quez Watkins,Phi,WR,@NE,W 25-20,3.4,0/0,0,0,0,0,0,0,2,17,0,2,0,0,0,3.7
Will Dissly,Sea,TE,LAR,L 13-30,3.6,0/0,0,0,0,0,0,0,2,17,0,2,0,0,0,3.7
Brock Wright,Det,TE,@KC,W 21-20,2.5,0/0,0,0,0,0,0,0,2,17,0,2,0,0,0,3.7
Lawrence Cager,NYG,TE,Dal,L 0-40,0.0,0/0,0,0,0,0,0,0,2,17,0,2,0,0,0,3.7
Ty Montgomery II,NE,RB,Phi,L 20-25,1.4,0/0,0,0,0,1,7,0,2,9,0,3,0,0,0,3.6
Tyler Scott,Chi,WR,GB,L 20-38,0.5,0/0,0,0,0,0,0,0,2,14,0,2,0,0,0,3.4
Adam Thielen,Car,WR,@Atl,L 10-24,9.6,0/0,0,0,0,0,0,0,2,12,0,2,0,0,0,3.2
Jake Funk,FA,RB,--,,--,0/0,0,0,0,2,10,0,1,12,0,1,0,0,0,--
Joe Burrow,Cin,QB,@Cle,L 3-24,19.8,14/31,82,0,0,1,-1,0,0,0,0,0,0,0,0,3.18
Jake Ferguson,Dal,TE,@NYG,W 40-0,6.7,0/0,0,0,0,0,0,0,2,11,0,7,0,0,0,3.1
Gary Brightwell,NYG,RB,Dal,L 0-40,1.2,0/0,0,0,0,1,5,0,2,6,0,2,0,0,0,3.1
Anthony McFarland Jr.,Pit,RB,SF,L 7-30,0.0,0/0,0,0,0,0,0,0,2,11,0,2,0,0,0,3.1
Brycen Hopkins,LAR,TE,@Sea,W 30-13,2.5,0/0,0,0,0,0,0,0,1,21,0,2,0,0,0,3.1
Tyler Lockett,Sea,WR,LAR,L 13-30,13.0,0/0,0,0,0,0,0,0,2,10,0,4,0,0,0,3.0
Tyler Boyd,Cin,WR,@Cle,L 3-24,8.1,0/0,0,0,0,0,0,0,2,10,0,3,0,0,0,3.0
Kalif Raymond,Det,WR,@KC,W 21-20,5.3,0/0,0,0,0,0,0,0,1,20,0,1,0,0,0,3.0
Austin Hooper,LV,TE,@Den,W 17-16,6.3,0/0,0,0,0,0,0,0,1,20,0,1,0,0,0,3.0
Deven Thompkins,TB,WR,@Min,W 20-17,3.9,0/0,0,0,0,0,0,0,2,10,0,3,0,0,0,3.0
Drew Ogletree,Ind,TE,Jax,L 21-31,3.3,0/0,0,0,0,0,0,0,1,20,0,2,0,0,0,3.0
Quentin Johnston,LAC,WR,Mia,L 34-36,6.2,0/0,0,0,0,0,0,0,2,9,0,3,0,0,0,2.9
Marvin Mims Jr.,Den,WR,LV,L 16-17,8.7,0/0,0,0,0,0,0,0,2,9,0,2,0,0,0,2.9
DeeJay Dallas,Sea,RB,LAR,L 13-30,2.3,0/0,0,0,0,2,4,0,1,14,0,1,0,0,0,2.8
Ty Chandler,Min,RB,TB,L 17-20,6.5,0/0,0,0,0,3,0,0,1,18,0,1,0,0,0,2.8
Latavius Murray,Buf,RB,@NYJ,L 16-22,1.4,0/0,0,0,0,2,8,0,1,9,0,2,0,0,0,2.7
Cole Turner,Wsh,TE,Ari,W 20-16,0.5,0/0,0,0,0,0,0,0,1,17,0,2,0,0,0,2.7
C.J. Ham,Min,RB,TB,L 17-20,1.2,0/0,0,0,0,0,0,0,2,7,0,3,0,0,0,2.7
Ryan Tannehill,Ten,QB,@NO,L 15-16,14.5,16/34,198,0,3,3,5,0,0,0,0,0,0,0,0,2.42
Rico Dowdle,Dal,RB,@NYG,W 40-0,5.1,0/0,0,0,0,6,24,0,0,0,0,0,0,0,0,2.4
Dalton Schultz,Hou,TE,@Bal,L 9-25,8.2,0/0,0,0,0,0,0,0,2,4,0,4,0,0,0,2.4
Donovan Peoples-Jones,Cle,WR,Cin,W 24-3,7.0,0/0,0,0,0,0,0,0,1,12,0,2,0,0,0,2.2
Patrick Taylor,GB,RB,@Chi,W 38-20,0.0,0/0,0,0,0,5,22,0,0,0,0,0,0,0,0,2.2
Jordan Akins,Cle,TE,Cin,W 24-3,1.1,0/0,0,0,0,0,0,0,1,12,0,1,0,0,0,2.2
Chris Evans,Cin,RB,@Cle,L 3-24,3.2,0/0,0,0,0,2,12,0,1,-1,0,1,0,0,0,2.1
Teagan Quitoriano,Hou,TE,@Bal,L 9-25,3.5,0/0,0,0,0,0,0,0,1,11,0,1,0,0,0,2.1
Jerick McKinnon,KC,RB,Det,L 20-21,11.2,0/0,0,0,0,0,0,0,1,10,0,2,0,0,0,2.0
Michael Gallup,Dal,WR,@NYG,W 40-0,9.4,0/0,0,0,0,0,0,0,1,10,0,2,0,0,0,2.0
Boston Scott,Phi,RB,@NE,W 25-20,1.6,0/0,0,0,0,1,3,0,1,7,0,1,0,0,0,2.0
Christian Kirk,Jax,WR,@Ind,W 31-21,12.3,0/0,0,0,0,0,0,0,1,9,0,3,0,0,0,1.9
Xavier Hutchinson,Hou,WR,@Bal,L 9-25,1.0,0/0,0,0,0,0,0,0,1,9,0,1,0,0,0,1.9
Colby Parkinson,Sea,TE,LAR,L 13-30,1.8,0/0,0,0,0,0,0,0,1,8,0,2,0,0,0,1.8
Evan Hull,Ind,RB,Jax,L 21-31,9.0,0/0,0,0,0,1,1,0,1,6,0,1,0,0,0,1.7
Erik Ezukanma,Mia,WR,@LAC,W 36-34,3.0,0/0,0,0,0,2,17,0,0,0,0,0,0,0,0,1.7
Zamir White,LV,RB,@Den,W 17-16,2.9,0/0,0,0,0,1,2,0,1,5,0,1,0,0,0,1.7
Jerome Ford,Cle,RB,Cin,W 24-3,5.5,0/0,0,0,0,15,36,0,0,0,0,0,0,1,0,1.6
Matt Breida,NYG,RB,Dal,L 0-40,2.7,0/0,0,0,0,2,9,0,1,-3,0,1,0,0,0,1.6
Justyn Ross,KC,WR,Det,L 20-21,3.6,0/0,0,0,0,0,0,0,1,6,0,1,0,0,0,1.6
Richie James,KC,WR,Det,L 20-21,2.3,0/0,0,0,0,0,0,0,1,6,0,2,0,0,0,1.6
Devin Singletary,Hou,RB,@Bal,L 9-25,7.5,0/0,0,0,0,7,15,0,0,0,0,0,0,0,0,1.5
Alec Pierce,Ind,WR,Jax,L 21-31,7.5,0/0,0,0,0,0,0,0,1,5,0,3,0,0,0,1.5
Derius Davis,LAC,WR,Mia,L 34-36,0.2,0/0,0,0,0,0,0,0,1,5,0,1,0,0,0,1.5
DeAndre Carter,LV,WR,@Den,W 17-16,0.4,0/0,0,0,0,0,0,0,1,5,0,1,0,0,0,1.5
Isaiah Hodgins,NYG,WR,Dal,L 0-40,7.1,0/0,0,0,0,0,0,0,1,24,0,3,0,1,0,1.4
Joshua Palmer,LAC,WR,Mia,L 34-36,4.5,0/0,0,0,0,0,0,0,1,4,0,1,0,0,0,1.4
Isaiah Likely,Bal,TE,Hou,W 25-9,9.2,0/0,0,0,0,0,0,0,1,4,0,1,0,0,0,1.4
D'Andre Swift,Phi,RB,@NE,W 25-20,11.5,0/0,0,0,0,1,3,0,1,0,0,2,0,0,0,1.3
Michael Burton,Den,RB,LV,L 16-17,0.7,0/0,0,0,0,0,0,0,1,3,0,1,0,0,0,1.3
Tyler Conklin,NYJ,TE,Buf,W 22-16,7.1,0/0,0,0,0,0,0,0,1,2,0,1,0,0,0,1.2
Parris Campbell,NYG,WR,Dal,L 0-40,7.2,0/0,0,0,0,0,0,0,1,2,0,4,0,0,0,1.2
Giovanni Ricci,Car,TE,@Atl,L 10-24,0.0,0/0,0,0,0,0,0,0,1,2,0,1,0,0,0,1.2
Zach Charbonnet,Sea,RB,LAR,L 13-30,7.6,0/0,0,0,0,3,11,0,0,0,0,0,0,0,0,1.1
Salvon Ahmed,Mia,RB,@LAC,W 36-34,7.0,0/0,0,0,0,3,11,0,0,0,0,3,0,0,0,1.1
Daniel Bellinger,NYG,TE,Dal,L 0-40,2.2,0/0,0,0,0,0,0,0,1,1,0,1,0,0,0,1.1
Elijah Mitchell,SF,RB,@Pit,W 30-7,6.0,0/0,0,0,0,5,10,0,0,0,0,1,0,0,0,1.0
Kadarius Toney,KC,WR,Det,L 20-21,10.5,0/0,0,0,0,1,-1,0,1,1,0,5,0,0,0,1.0
Joshua Dobbs,Ari,QB,@Wsh,L 16-20,12.2,21/30,132,0,0,3,-3,0,0,0,0,0,0,2,0,0.98
Antonio Gibson,Wsh,RB,Ari,W 20-16,10.7,0/0,0,0,0,3,9,0,1,10,0,1,0,1,0,0.9
Deuce Vaughn,Dal,RB,@NYG,W 40-0,3.3,0/0,0,0,0,6,8,0,0,0,0,0,0,0,0,0.8
Marvin Jones Jr.,Det,WR,@KC,W 21-20,8.3,0/0,0,0,0,0,0,0,2,8,0,6,0,1,0,0.8
Chase Edmonds,TB,RB,@Min,W 20-17,4.0,0/0,0,0,0,2,8,0,0,0,0,0,0,0,0,0.8
Trayveon Williams,Cin,RB,@Cle,L 3-24,3.8,0/0,0,0,0,2,7,0,0,0,0,0,0,0,0,0.7
Chris Rodriguez Jr.,Wsh,RB,Ari,W 20-16,1.4,0/0,0,0,0,3,7,0,0,0,0,0,0,0,0,0.7
Tony Jones Jr.,Ari,RB,@Wsh,L 16-20,0.0,0/0,0,0,0,1,5,0,0,0,0,0,0,0,0,0.5
Skyy Moore,KC,WR,Det,L 20-21,11.7,0/0,0,0,0,1,4,0,0,0,0,3,0,0,0,0.4
Taysom Hill,NO,TE,Ten,W 16-15,7.5,0/0,0,0,0,3,4,0,0,0,0,1,0,0,0,0.4
Jaleel McLaughlin,Den,RB,LV,L 16-17,3.9,0/0,0,0,0,0,0,0,1,-7,0,1,0,0,0,0.3
Tyrod Taylor,NYG,QB,Dal,L 0-40,0.0,2/2,6,0,0,0,0,0,0,0,0,0,0,0,0,0.24
Travis Kelce,KC,TE,Det,L 20-21,0.0,--/--,--,--,--,--,--,--,--,--,--,--,--,--,--,--
Cooper Kupp,LAR,WR,@Sea,W 30-13,0.0,--/--,--,--,--,--,--,--,--,--,--,--,--,--,--,--
Mark Andrews,Bal,TE,Hou,W 25-9,0.0,--/--,--,--,--,--,--,--,--,--,--,--,--,--,--,--
Alvin Kamara,NO,RB,Ten,W 16-15,0.0,--/--,--,--,--,--,--,--,--,--,--,--,--,--,--,--
Jonathan Taylor,Ind,RB,Jax,L 21-31,0.0,--/--,--,--,--,--,--,--,--,--,--,--,--,--,--,--
Tee Higgins,Cin,WR,@Cle,L 3-24,14.6,0/0,0,0,0,0,0,0,0,0,0,8,0,0,0,0.0
De'Von Achane,Mia,RB,@LAC,W 36-34,0.0,--/--,--,--,--,--,--,--,--,--,--,--,--,--,--,--
Christian Watson,GB,WR,@Chi,W 38-20,0.0,--/--,--,--,--,--,--,--,--,--,--,--,--,--,--,--
Dallas Goedert,Phi,TE,@NE,W 25-20,9.9,0/0,0,0,0,0,0,0,0,0,0,1,0,0,0,0.0
Jerry Jeudy,Den,WR,LV,L 16-17,0.0,--/--,--,--,--,--,--,--,--,--,--,--,--,--,--,--
Drake London,Atl,WR,Car,W 24-10,12.4,0/0,0,0,0,0,0,0,0,0,0,1,0,0,0,0.0
Zack Moss,Ind,RB,Jax,L 21-31,0.0,--/--,--,--,--,--,--,--,--,--,--,--,--,--,--,--
DJ Chark Jr.,Car,WR,@Atl,L 10-24,0.0,--/--,--,--,--,--,--,--,--,--,--,--,--,--,--,--
Jameson Williams,Det,WR,@KC,W 21-20,0.0,--/--,--,--,--,--,--,--,--,--,--,--,--,--,--,--
Jeff Wilson Jr.,Mia,RB,@LAC,W 36-34,0.0,--/--,--,--,--,--,--,--,--,--,--,--,--,--,--,--
Rashaad Penny,Phi,RB,@NE,W 25-20,0.0,--/--,--,--,--,--,--,--,--,--,--,--,--,--,--,--
Chigoziem Okonkwo,Ten,TE,@NO,L 15-16,8.0,0/0,0,0,0,0,0,0,0,0,0,2,0,0,0,0.0
Aaron Rodgers,NYJ,QB,Buf,W 22-16,15.8,0/1,0,0,0,0,0,0,0,0,0,0,0,0,0,0.0
Kyler Murray,Ari,QB,@Wsh,L 16-20,0.0,--/--,--,--,--,--,--,--,--,--,--,--,--,--,--,--
Jonnu Smith,Atl,TE,Car,W 24-10,3.4,0/0,0,0,0,0,0,0,0,0,0,0,0,0,0,0.0
Hunter Renfrow,LV,WR,@Den,W 17-16,8.3,0/0,0,0,0,0,0,0,0,0,0,0,0,0,0,0.0
Chase Claypool,Mia,WR,@LAC,W 36-34,7.8,0/0,0,0,0,0,0,0,0,0,0,2,0,0,0,0.0
Kendre Miller,NO,RB,Ten,W 16-15,0.0,--/--,--,--,--,--,--,--,--,--,--,--,--,--,--,--
Wan'Dale Robinson,NYG,WR,Dal,L 0-40,0.0,--/--,--,--,--,--,--,--,--,--,--,--,--,--,--,--
DeVante Parker,NE,WR,Phi,L 20-25,0.0,--/--,--,--,--,--,--,--,--,--,--,--,--,--,--,--
Keaton Mitchell,Bal,RB,Hou,W 25-9,0.0,--/--,--,--,--,--,--,--,--,--,--,--,--,--,--,--
Craig Reynolds,Det,RB,@KC,W 21-20,1.2,0/0,0,0,0,0,0,0,0,0,0,0,0,0,0,0.0
Cordarrelle Patterson,Atl,RB,Car,W 24-10,0.0,--/--,--,--,--,--,--,--,--,--,--,--,--,--,--,--
Ronnie Rivers,LAR,RB,@Sea,W 30-13,1.9,0/0,0,0,0,0,0,0,0,0,0,0,0,0,0,0.0
Jalin Hyatt,NYG,WR,Dal,L 0-40,2.6,0/0,0,0,0,0,0,0,0,0,0,1,0,0,0,0.0
Noah Fant,Sea,TE,LAR,L 13-30,6.7,0/0,0,0,0,0,0,0,0,0,0,0,0,0,0,0.0
Ameer Abdullah,LV,RB,@Den,W 17-16,3.3,0/0,0,0,0,0,0,0,0,0,0,1,0,0,0,0.0
Jelani Woods,Ind,TE,Jax,L 21-31,0.0,--/--,--,--,--,--,--,--,--,--,--,--,--,--,--,--
Michael Mayer,LV,TE,@Den,W 17-16,4.3,0/0,0,0,0,0,0,0,0,0,0,0,0,0,0,0.0
Mecole Hardman Jr.,NYJ,WR,Buf,W 22-16,6.6,0/0,0,0,0,0,0,0,0,0,0,0,0,0,0,0.0
John Metchie III,Hou,WR,@Bal,L 9-25,0.0,--/--,--,--,--,--,--,--,--,--,--,--,--,--,--,--
Tyquan Thornton,NE,WR,Phi,L 20-25,0.0,--/--,--,--,--,--,--,--,--,--,--,--,--,--,--,--
Pierre Strong Jr.,Cle,RB,Cin,W 24-3,1.4,0/0,0,0,0,0,0,0,0,0,0,0,0,0,0,0.0
Elijah Dotson,LAC,RB,Mia,L 34-36,1.2,0/0,0,0,0,0,0,0,0,0,0,0,0,0,0,0.0
Chase Brown,Cin,RB,@Cle,L 3-24,0.0,--/--,--,--,--,--,--,--,--,--,--,--,--,--,--,--
Darnell Washington,Pit,TE,SF,L 7-30,1.1,0/0,0,0,0,0,0,0,0,0,0,0,0,0,0,0.0
Randall Cobb,NYJ,WR,Buf,W 22-16,4.1,0/0,0,0,0,0,0,0,0,0,0,1,0,0,0,0.0
Tom Brady,TB,QB,@Min,W 20-17,0.0,--/--,--,--,--,--,--,--,--,--,--,--,--,--,--,--
Nelson Agholor,Bal,WR,Hou,W 25-9,1.5,0/0,0,0,0,0,0,0,0,0,0,0,0,0,0,0.0
Jameis Winston,NO,QB,Ten,W 16-15,0.0,--/--,--,--,--,--,--,--,--,--,--,--,--,--,--,--
Gardner Minshew,Ind,QB,Jax,L 21-31,0.0,0/2,0,0,0,0,0,0,0,0,0,0,0,0,0,0.0
Aidan O'Connell,LV,QB,@Den,W 17-16,0.0,--/--,--,--,--,--,--,--,--,--,--,--,--,--,--,--
Jordan Mason,SF,RB,@Pit,W 30-7,0.6,0/0,0,0,0,0,0,0,0,0,0,0,0,0,0,0.0
Raheem Blackshear,Car,RB,@Atl,L 10-24,3.1,0/0,0,0,0,0,0,0,0,0,0,0,0,0,0,0.0
Mitch Trubisky,Pit,QB,SF,L 7-30,0.0,--/--,--,--,--,--,--,--,--,--,--,--,--,--,--,--
Jauan Jennings,SF,WR,@Pit,W 30-7,3.6,0/0,0,0,0,0,0,0,0,0,0,1,0,0,0,0.0
Emari Demercado,Ari,RB,@Wsh,L 16-20,1.6,0/0,0,0,0,0,0,0,0,0,0,0,0,0,0,0.0
Ronald Jones,FA,RB,--,,--,--/--,--,--,--,--,--,--,--,--,--,--,--,--,--,--
Isaiah Spiller,LAC,RB,Mia,L 34-36,0.0,--/--,--,--,--,--,--,--,--,--,--,--,--,--,--,--
Trey Lance,Dal,QB,@NYG,W 40-0,0.0,--/--,--,--,--,--,--,--,--,--,--,--,--,--,--,--
Trenton Irwin,Cin,WR,@Cle,L 3-24,1.8,0/0,0,0,0,0,0,0,0,0,0,0,0,0,0,0.0
Ronnie Bell,SF,WR,@Pit,W 30-7,0.6,0/0,0,0,0,0,0,0,0,0,0,0,0,0,0,0.0
Luke Schoonmaker,Dal,TE,@NYG,W 40-0,2.4,0/0,0,0,0,0,0,0,0,0,0,0,0,0,0,0.0
Andy Dalton,Car,QB,@Atl,L 10-24,0.0,--/--,--,--,--,--,--,--,--,--,--,--,--,--,--,--
Jimmy Graham,NO,TE,Ten,W 16-15,1.5,0/0,0,0,0,0,0,0,0,0,0,0,0,0,0,0.0
Will Levis,Ten,QB,@NO,L 15-16,0.0,--/--,--,--,--,--,--,--,--,--,--,--,--,--,--,--
Dontayvion Wicks,GB,WR,@Chi,W 38-20,4.8,0/0,0,0,0,0,0,0,0,0,0,2,0,0,0,0.0
Sterling Shepard,NYG,WR,Dal,L 0-40,5.5,0/0,0,0,0,0,0,0,0,0,0,1,0,0,0,0.0
Cedric Tillman,Cle,WR,Cin,W 24-3,2.7,0/0,0,0,0,0,0,0,0,0,0,0,0,0,0,0.0
Kyle Juszczyk,SF,RB,@Pit,W 30-7,1.6,0/0,0,0,0,0,0,0,0,0,0,0,0,0,0,0.0
Emanuel Wilson,GB,RB,@Chi,W 38-20,0.0,--/--,--,--,--,--,--,--,--,--,--,--,--,--,--,--
Taylor Heinicke,Atl,QB,Car,W 24-10,0.0,--/--,--,--,--,--,--,--,--,--,--,--,--,--,--,--
Dorian Thompson-Robinson,Cle,QB,Cin,W 24-3,0.0,--/--,--,--,--,--,--,--,--,--,--,--,--,--,--,--
Kyle Trask,TB,QB,@Min,W 20-17,0.0,--/--,--,--,--,--,--,--,--,--,--,--,--,--,--,--
Ke'Shawn Vaughn,TB,RB,@Min,W 20-17,0.0,--/--,--,--,--,--,--,--,--,--,--,--,--,--,--,--
Zach Evans,LAR,RB,@Sea,W 30-13,0.0,--/--,--,--,--,--,--,--,--,--,--,--,--,--,--,--
Devin Duvernay,Bal,WR,Hou,W 25-9,1.2,0/0,0,0,0,0,0,0,0,0,0,0,0,0,0,0.0
Kene Nwangwu,Min,RB,TB,L 17-20,0.0,--/--,--,--,--,--,--,--,--,--,--,--,--,--,--,--
Dare Ogunbowale,Hou,RB,@Bal,L 9-25,0.0,--/--,--,--,--,--,--,--,--,--,--,--,--,--,--,--
Marcus Mariota,Phi,QB,@NE,W 25-20,0.0,--/--,--,--,--,--,--,--,--,--,--,--,--,--,--,--
Khalil Shakir,Buf,WR,@NYJ,L 16-22,1.8,0/0,0,0,0,0,0,0,0,0,0,0,0,0,0,0.0
Hendon Hooker,Det,QB,@KC,W 21-20,0.0,--/--,--,--,--,--,--,--,--,--,--,--,--,--,--,--
Mike White,Mia,QB,@LAC,W 36-34,0.0,--/--,--,--,--,--,--,--,--,--,--,--,--,--,--,--
Stetson Bennett,LAR,QB,@Sea,W 30-13,0.0,--/--,--,--,--,--,--,--,--,--,--,--,--,--,--,--
Olamide Zaccheaus,Phi,WR,@NE,W 25-20,0.9,0/0,0,0,0,0,0,0,0,0,0,0,0,0,0,0.0
Jalen Tolbert,Dal,WR,@NYG,W 40-0,1.2,0/0,0,0,0,0,0,0,0,0,0,1,0,0,0,0.0
Myles Gaskin,FA,RB,--,,--,--/--,--,--,--,--,--,--,--,--,--,--,--,--,--,--
Jacoby Brissett,Wsh,QB,Ari,W 20-16,0.0,--/--,--,--,--,--,--,--,--,--,--,--,--,--,--,--
Kayshon Boutte,NE,WR,Phi,L 20-25,4.0,0/0,0,0,0,0,0,0,0,0,0,4,0,0,0,0.0
Eric Gray,NYG,RB,Dal,L 0-40,0.0,0/0,0,0,0,0,0,0,0,0,0,0,0,0,0,0.0
Russell Gage,TB,WR,@Min,W 20-17,0.0,--/--,--,--,--,--,--,--,--,--,--,--,--,--,--,--
Jake Bobo,Sea,WR,LAR,L 13-30,0.0,0/0,0,0,0,0,0,0,0,0,0,0,0,0,0,0.0
Tucker Kraft,GB,TE,@Chi,W 38-20,3.3,0/0,0,0,0,0,0,0,0,0,0,0,0,0,0,0.0
Israel Abanikanda,NYJ,RB,Buf,W 22-16,0.5,--/--,--,--,--,--,--,--,--,--,--,--,--,--,--,--
Trey Sermon,Ind,RB,Jax,L 21-31,0.0,--/--,--,--,--,--,--,--,--,--,--,--,--,--,--,--
C.J. Uzomah,NYJ,TE,Buf,W 22-16,2.9,0/0,0,0,0,0,0,0,0,0,0,0,0,0,0,0.0
Ben Roethlisberger,Pit,QB,SF,L 7-30,0.0,--/--,--,--,--,--,--,--,--,--,--,--,--,--,--,--
Corey Davis,NYJ,WR,Buf,W 22-16,0.0,--/--,--,--,--,--,--,--,--,--,--,--,--,--,--,--
Trent Sherfield,Buf,WR,@NYJ,L 16-22,2.8,0/0,0,0,0,0,0,0,0,0,0,0,0,0,0,0.0
Julius Chestnut,Ten,RB,@NO,L 15-16,2.0,0/0,0,0,0,0,0,0,0,0,0,0,0,0,0,0.0
Nyheim Hines,Buf,RB,@NYJ,L 16-22,0.0,--/--,--,--,--,--,--,--,--,--,--,--,--,--,--,--
Foster Moreau,NO,TE,Ten,W 16-15,2.4,0/0,0,0,0,0,0,0,0,0,0,0,0,0,0,0.0
Tyler Huntley,Bal,QB,Hou,W 25-9,0.0,--/--,--,--,--,--,--,--,--,--,--,--,--,--,--,--
Ray-Ray McCloud III,SF,WR,@Pit,W 30-7,0.0,0/0,0,0,0,0,0,0,0,0,0,0,0,0,0,0.0
Cedrick Wilson Jr.,Mia,WR,@LAC,W 36-34,0.0,--/--,--,--,--,--,--,--,--,--,--,--,--,--,--,--
Bailey Zappe,NE,QB,Phi,L 20-25,0.0,--/--,--,--,--,--,--,--,--,--,--,--,--,--,--,--
Robert Tonyan,Chi,TE,GB,L 20-38,1.0,0/0,0,0,0,0,0,0,0,0,0,0,0,0,0,0.0
Equanimeous St. Brown,Chi,WR,GB,L 20-38,0.0,--/--,--,--,--,--,--,--,--,--,--,--,--,--,--,--
Hassan Haskins,Ten,RB,@NO,L 15-16,0.0,--/--,--,--,--,--,--,--,--,--,--,--,--,--,--,--
Charlie Jones,Cin,WR,@Cle,L 3-24,0.7,0/0,0,0,0,0,0,0,0,0,0,0,0,0,0,0.0
Tim Patrick,Den,WR,LV,L 16-17,0.0,--/--,--,--,--,--,--,--,--,--,--,--,--,--,--,--
Brian Hoyer,LV,QB,@Den,W 17-16,0.0,0/0,0,0,0,0,0,0,0,0,0,0,0,0,0,0.0
Isaiah McKenzie,Ind,WR,Jax,L 21-31,3.0,0/0,0,0,0,0,0,0,0,0,0,0,0,0,0,0.0
Malik Willis,Ten,QB,@NO,L 15-16,0.0,--/--,--,--,--,--,--,--,--,--,--,--,--,--,--,--
JaMycal Hasty,Jax,RB,@Ind,W 31-21,0.0,--/--,--,--,--,--,--,--,--,--,--,--,--,--,--,--
Kenny McIntosh,Sea,RB,LAR,L 13-30,0.0,--/--,--,--,--,--,--,--,--,--,--,--,--,--,--,--
Teddy Bridgewater,Det,QB,@KC,W 21-20,0.0,--/--,--,--,--,--,--,--,--,--,--,--,--,--,--,--
Kyle Allen,Buf,QB,@NYJ,L 16-22,0.0,--/--,--,--,--,--,--,--,--,--,--,--,--,--,--,--
Ben Skowronek,LAR,WR,@Sea,W 30-13,5.1,0/0,0,0,0,0,0,0,0,0,0,2,0,0,0,0.0
Clayton Tune,Ari,QB,@Wsh,L 16-20,0.0,--/--,--,--,--,--,--,--,--,--,--,--,--,--,--,--
Drew Lock,Sea,QB,LAR,L 13-30,0.0,--/--,--,--,--,--,--,--,--,--,--,--,--,--,--,--
Cooper Rush,Dal,QB,@NYG,W 40-0,0.0,0/1,0,0,0,0,0,0,0,0,0,0,0,0,0,0.0
Sean Clifford,GB,QB,@Chi,W 38-20,0.0,0/0,0,0,0,1,0,0,0,0,0,0,0,0,0,0.0
Andrei Iosivas,Cin,WR,@Cle,L 3-24,0.0,0/0,0,0,0,0,0,0,0,0,0,0,0,0,0,0.0
Mo Alie-Cox,Ind,TE,Jax,L 21-31,3.6,0/0,0,0,0,0,0,0,0,0,0,2,0,0,0,0.0
Tyrion Davis-Price,SF,RB,@Pit,W 30-7,0.0,0/0,0,0,0,0,0,0,0,0,0,0,0,0,0,0.0
Albert Okwuegbunam,Phi,TE,@NE,W 25-20,0.0,--/--,--,--,--,--,--,--,--,--,--,--,--,--,--,--
Peyton Hendershot,Dal,TE,@NYG,W 40-0,1.2,0/0,0,0,0,0,0,0,0,0,0,1,0,0,0,0.0
Kyle Philips,Ten,WR,@NO,L 15-16,0.0,--/--,--,--,--,--,--,--,--,--,--,--,--,--,--,--
Chris Moore,Ten,WR,@NO,L 15-16,2.5,0/0,0,0,0,0,0,0,0,0,0,1,0,0,0,0.0
Jack Stoll,Phi,TE,@NE,W 25-20,0.5,0/0,0,0,0,0,0,0,0,0,0,0,0,0,0,0.0
Brandon Bolden,LV,RB,@Den,W 17-16,0.9,0/0,0,0,0,0,0,0,0,0,0,0,0,0,0,0.0
Dyami Brown,Wsh,WR,Ari,W 20-16,1.0,0/0,0,0,0,0,0,0,0,0,0,0,0,0,0,0.0
Jarrett Stidham,Den,QB,LV,L 16-17,0.0,--/--,--,--,--,--,--,--,--,--,--,--,--,--,--,--
Tyson Bagent,Chi,QB,GB,L 20-38,0.0,--/--,--,--,--,--,--,--,--,--,--,--,--,--,--,--
Marquise Goodwin,Cle,WR,Cin,W 24-3,1.1,0/0,0,0,0,0,0,0,0,0,0,2,0,0,0,0.0
David Bell,Cle,WR,Cin,W 24-3,0.5,0/0,0,0,0,0,0,0,0,0,0,1,0,0,0,0.0
Hunter Luepke,Dal,RB,@NYG,W 40-0,0.0,0/0,0,0,0,0,0,0,0,0,0,0,0,0,0,0.0
A.T. Perry,NO,WR,Ten,W 16-15,0.0,--/--,--,--,--,--,--,--,--,--,--,--,--,--,--,--
Greg Dortch,Ari,WR,@Wsh,L 16-20,1.8,0/0,0,0,0,0,0,0,0,0,0,0,0,0,0,0.0
Brandon Powell,Min,WR,TB,L 17-20,1.5,0/0,0,0,0,0,0,0,0,0,0,0,0,0,0,0.0
Travis Homer,Chi,RB,GB,L 20-38,0.2,0/0,0,0,0,0,0,0,0,0,0,0,0,0,0,0.0
Drew Sample,Cin,TE,@Cle,L 3-24,1.2,0/0,0,0,0,0,0,0,0,0,0,0,0,0,0,0.0
Brenton Strange,Jax,TE,@Ind,W 31-21,1.8,0/0,0,0,0,0,0,0,0,0,0,0,0,0,0,0.0
Blaine Gabbert,KC,QB,Det,L 20-21,0.0,--/--,--,--,--,--,--,--,--,--,--,--,--,--,--,--
Tre Tucker,LV,WR,@Den,W 17-16,0.0,--/--,--,--,--,--,--,--,--,--,--,--,--,--,--,--
Velus Jones Jr.,Chi,WR,GB,L 20-38,0.0,--/--,--,--,--,--,--,--,--,--,--,--,--,--,--,--
Gunner Olszewski,Pit,WR,SF,L 7-30,0.0,--/--,--,--,--,--,--,--,--,--,--,--,--,--,--,--
Josiah Deguara,GB,TE,@Chi,W 38-20,1.6,0/0,0,0,0,0,0,0,0,0,0,0,0,0,0,0.0
Demarcus Robinson,LAR,WR,@Sea,W 30-13,3.6,0/0,0,0,0,0,0,0,0,0,0,0,0,0,0,0.0
Justin Shorter,Buf,WR,@NYJ,L 16-22,0.0,--/--,--,--,--,--,--,--,--,--,--,--,--,--,--,--
John Bates,Wsh,TE,Ari,W 20-16,1.5,0/0,0,0,0,0,0,0,0,0,0,0,0,0,0,0.0
Pharaoh Brown,NE,TE,Phi,L 20-25,0.5,0/0,0,0,0,0,0,0,0,0,0,0,0,0,0,0.0
Tyler Kroft,Mia,TE,@LAC,W 36-34,1.9,0/0,0,0,0,0,0,0,0,0,0,0,0,0,0,0.0
Jeremy Ruckert,NYJ,TE,Buf,W 22-16,0.6,0/0,0,0,0,0,0,0,0,0,0,0,0,0,0,0.0
Cam Newton,Car,QB,@Atl,L 10-24,0.0,--/--,--,--,--,--,--,--,--,--,--,--,--,--,--,--
Davis Mills,Hou,QB,@Bal,L 9-25,0.0,--/--,--,--,--,--,--,--,--,--,--,--,--,--,--,--
Jason Brownlee,NYJ,WR,Buf,W 22-16,1.1,--/--,--,--,--,--,--,--,--,--,--,--,--,--,--,--
Antoine Green,Det,WR,@KC,W 21-20,1.2,--/--,--,--,--,--,--,--,--,--,--,--,--,--,--,--
Malik Heath,GB,WR,@Chi,W 38-20,3.2,0/0,0,0,0,0,0,0,0,0,0,1,0,0,0,0.0
Patrick Ricard,Bal,RB,Hou,W 25-9,2.0,0/0,0,0,0,0,0,0,0,0,0,0,0,0,0,0.0
Ross Dwelley,SF,TE,@Pit,W 30-7,1.0,0/0,0,0,0,0,0,0,0,0,0,0,0,0,0,0.0
Reggie Gilliam,Buf,RB,@NYJ,L 16-22,0.5,0/0,0,0,0,0,0,0,0,0,0,0,0,0,0,0.0
Britain Covey,Phi,WR,@NE,W 25-20,0.1,0/0,0,0,0,0,0,0,0,0,0,0,0,0,0,0.0
Le'Veon Bell,TB,RB,@Min,W 20-17,0.0,--/--,--,--,--,--,--,--,--,--,--,--,--,--,--,--
Tre' McKitty,LAC,TE,Mia,L 34-36,1.2,0/0,0,0,0,0,0,0,0,0,0,0,0,0,0,0.0
Chris Brooks,Mia,RB,@LAC,W 36-34,2.0,0/0,0,0,0,0,0,0,0,0,0,0,0,0,0,0.0
Nick Mullens,Min,QB,TB,L 17-20,0.0,--/--,--,--,--,--,--,--,--,--,--,--,--,--,--,--
Easton Stick,LAC,QB,Mia,L 34-36,0.0,--/--,--,--,--,--,--,--,--,--,--,--,--,--,--,--
Tommy Tremble,Car,TE,@Atl,L 10-24,1.7,0/0,0,0,0,0,0,0,0,0,0,0,0,0,0,0.0
Dee Eskridge,Sea,WR,LAR,L 13-30,0.0,--/--,--,--,--,--,--,--,--,--,--,--,--,--,--,--
Miles Boykin,Pit,WR,SF,L 7-30,0.0,0/0,0,0,0,0,0,0,0,0,0,0,0,0,0,0.0
Scott Miller,Atl,WR,Car,W 24-10,0.8,0/0,0,0,0,0,0,0,0,0,0,0,0,0,0,0.0
Parker Washington,Jax,WR,@Ind,W 31-21,0.0,--/--,--,--,--,--,--,--,--,--,--,--,--,--,--,--
Byron Pringle,Wsh,WR,Ari,W 20-16,0.0,0/0,0,0,0,0,0,0,0,0,0,0,0,0,0,0.0
James Mitchell,Det,TE,@KC,W 21-20,0.6,0/0,0,0,0,0,0,0,0,0,0,0,0,0,0,0.0
Zach Pascal,Ari,WR,@Wsh,L 16-20,2.4,0/0,0,0,0,0,0,0,0,0,0,1,0,0,0,0.0
Dareke Young,Sea,WR,LAR,L 13-30,0.0,--/--,--,--,--,--,--,--,--,--,--,--,--,--,--,--
Mitchell Wilcox,Cin,TE,@Cle,L 3-24,0.6,0/0,0,0,0,0,0,0,0,0,0,0,0,0,0,0.0
Quintin Morris,Buf,TE,@NYJ,L 16-22,0.6,0/0,0,0,0,0,0,0,0,0,0,0,0,0,0,0.0
Ian Thomas,Car,TE,@Atl,L 10-24,2.5,0/0,0,0,0,0,0,0,0,0,0,0,0,0,0,0.0
Ko Kieft,TB,TE,@Min,W 20-17,2.8,0/0,0,0,0,0,0,0,0,0,0,3,0,0,0,0.0
C.J. Beathard,Jax,QB,@Ind,W 31-21,0.0,--/--,--,--,--,--,--,--,--,--,--,--,--,--,--,--
Danny Gray,SF,WR,@Pit,W 30-7,0.0,--/--,--,--,--,--,--,--,--,--,--,--,--,--,--,--
Jalen Nailor,Min,WR,TB,L 17-20,0.0,0/0,0,0,0,0,0,0,0,0,0,0,0,0,0,0.0
Jason Cabinda,Det,RB,@KC,W 21-20,0.6,0/0,0,0,0,0,0,0,0,0,0,0,0,0,0,0.0
Jalen Brooks,Dal,WR,@NYG,W 40-0,0.0,--/--,--,--,--,--,--,--,--,--,--,--,--,--,--,--
Tre'Quan Smith,FA,WR,--,,--,--/--,--,--,--,--,--,--,--,--,--,--,--,--,--,--
Jalen Guyton,LAC,WR,Mia,L 34-36,0.0,--/--,--,--,--,--,--,--,--,--,--,--,--,--,--,--
Hunter Long,LAR,TE,@Sea,W 30-13,0.0,--/--,--,--,--,--,--,--,--,--,--,--,--,--,--,--
Jalen Reagor,NE,WR,Phi,L 20-25,0.0,--/--,--,--,--,--,--,--,--,--,--,--,--,--,--,--
Matthew Slater,NE,WR,Phi,L 20-25,0.0,0/0,0,0,0,0,0,0,0,0,0,0,0,0,0,0.0
KhaDarel Hodge,Atl,WR,Car,W 24-10,2.1,0/0,0,0,0,0,0,0,0,0,0,0,0,0,0,0.0
Brevin Jordan,Hou,TE,@Bal,L 9-25,0.5,0/0,0,0,0,0,0,0,0,0,0,0,0,0,0,0.0
Tanner McKee,Phi,QB,@NE,W 25-20,0.0,--/--,--,--,--,--,--,--,--,--,--,--,--,--,--,--
Jakob Johnson,LV,RB,@Den,W 17-16,0.5,0/0,0,0,0,0,0,0,0,0,0,0,0,0,0,0.0
Johnny Mundt,Min,TE,TB,L 17-20,0.6,0/0,0,0,0,0,0,0,0,0,0,0,0,0,0,0.0
Trent Taylor,Chi,WR,GB,L 20-38,0.6,0/0,0,0,0,0,0,0,0,0,0,0,0,0,0,0.0
Skylar Thompson,Mia,QB,@LAC,W 36-34,0.0,--/--,--,--,--,--,--,--,--,--,--,--,--,--,--,--
Julian Hill,Mia,TE,@LAC,W 36-34,0.6,--/--,--,--,--,--,--,--,--,--,--,--,--,--,--,--
Charlie Kolar,Bal,TE,Hou,W 25-9,4.3,0/0,0,0,0,0,0,0,0,0,0,1,0,0,0,0.0
Tim Jones,Jax,WR,@Ind,W 31-21,0.5,0/0,0,0,0,0,0,0,0,0,0,0,0,0,0,0.0
Ryan Fitzpatrick,Wsh,QB,Ari,W 20-16,0.0,--/--,--,--,--,--,--,--,--,--,--,--,--,--,--,--
Chris Manhertz,Den,TE,LV,L 16-17,1.1,0/0,0,0,0,0,0,0,0,0,0,0,0,0,0,0.0
Keith Smith,Atl,RB,Car,W 24-10,0.5,0/0,0,0,0,0,0,0,0,0,0,0,0,0,0,0.0
Grant Calcaterra,Phi,TE,@NE,W 25-20,0.0,0/0,0,0,0,0,0,0,0,0,0,0,0,0,0,0.0
Jamison Crowder,Wsh,WR,Ari,W 20-16,0.0,0/0,0,0,0,0,0,0,0,0,0,0,0,0,0,0.0
Andrew Beck,Hou,RB,@Bal,L 9-25,1.0,0/0,0,0,0,0,0,0,0,0,0,0,0,0,0,0.0
Mason Rudolph,Pit,QB,SF,L 7-30,0.0,--/--,--,--,--,--,--,--,--,--,--,--,--,--,--,--
Kristian Wilkerson,LV,WR,@Den,W 17-16,0.3,0/0,0,0,0,0,0,0,0,0,0,0,0,0,0,0.0
Charlie Woerner,SF,TE,@Pit,W 30-7,0.0,0/0,0,0,0,0,0,0,0,0,0,0,0,0,0,0.0
Nathan Peterman,FA,QB,--,,--,--/--,--,--,--,--,--,--,--,--,--,--,--,--,--,--
Marcedes Lewis,Chi,TE,GB,L 20-38,0.5,0/0,0,0,0,0,0,0,0,0,0,0,0,0,0,0.0
Luke Farrell,Jax,TE,@Ind,W 31-21,0.0,0/0,0,0,0,0,0,0,0,0,0,0,0,0,0,0.0
Cameron Latu,SF,TE,@Pit,W 30-7,0.0,--/--,--,--,--,--,--,--,--,--,--,--,--,--,--,--
Ihmir Smith-Marsette,Car,WR,@Atl,L 10-24,1.6,0/0,0,0,0,0,0,0,0,0,0,0,0,0,0,0.0
Justin Jackson,Det,RB,@KC,W 21-20,0.0,--/--,--,--,--,--,--,--,--,--,--,--,--,--,--,--
Josh Whyle,Ten,TE,@NO,L 15-16,1.0,0/0,0,0,0,0,0,0,0,0,0,0,0,0,0,0.0
Jaren Hall,Min,QB,TB,L 17-20,0.0,--/--,--,--,--,--,--,--,--,--,--,--,--,--,--,--
Trevon Wesco,Ten,TE,@NO,L 15-16,2.6,0/0,0,0,0,0,0,0,0,0,0,0,0,0,0,0.0
Rakim Jarrett,TB,WR,@Min,W 20-17,1.6,0/0,0,0,0,1,0,0,0,0,0,0,0,0,0,0.0
Keith Kirkwood,NO,WR,Ten,W 16-15,1.0,0/0,0,0,0,0,0,0,0,0,0,1,0,0,0,0.0
Phillip Dorsett,Den,WR,LV,L 16-17,3.6,0/0,0,0,0,0,0,0,0,0,0,1,0,0,0,0.0
Tylan Wallace,Bal,WR,Hou,W 25-9,0.0,0/0,0,0,0,0,0,0,0,0,0,0,0,0,0,0.0
Cody Thompson,FA,WR,--,,--,0/0,0,0,0,0,0,0,0,0,0,0,0,0,0,--
James White,NE,RB,Phi,L 20-25,0.0,--/--,--,--,--,--,--,--,--,--,--,--,--,--,--,--
Armani Rogers,Wsh,TE,Ari,W 20-16,0.0,--/--,--,--,--,--,--,--,--,--,--,--,--,--,--,--
Elijah Higgins,Ari,TE,@Wsh,L 16-20,0.0,--/--,--,--,--,--,--,--,--,--,--,--,--,--,--,--
Eno Benjamin,NO,RB,Ten,W 16-15,0.0,--/--,--,--,--,--,--,--,--,--,--,--,--,--,--,--
Adam Prentice,NO,RB,Ten,W 16-15,0.7,0/0,0,0,0,0,0,0,0,0,0,0,0,0,0,0.0
Davis Allen,LAR,TE,@Sea,W 30-13,1.9,0/0,0,0,0,0,0,0,0,0,0,0,0,0,0,0.0
Khari Blasingame,Chi,RB,GB,L 20-38,0.0,0/0,0,0,0,0,0,0,0,0,0,1,0,0,0,0.0
Sony Michel,LAR,RB,@Sea,W 30-13,0.0,--/--,--,--,--,--,--,--,--,--,--,--,--,--,--,--
Will Mallory,Ind,TE,Jax,L 21-31,0.0,--/--,--,--,--,--,--,--,--,--,--,--,--,--,--,--
Nick Bellore,Sea,RB,LAR,L 13-30,0.0,0/0,0,0,0,0,0,0,0,0,0,0,0,0,0,0.0
Dax Milne,Wsh,WR,Ari,W 20-16,0.0,--/--,--,--,--,--,--,--,--,--,--,--,--,--,--,--
Josh Ali,Atl,WR,Car,W 24-10,0.0,--/--,--,--,--,--,--,--,--,--,--,--,--,--,--,--
Brandon Allen,SF,QB,@Pit,W 30-7,0.0,--/--,--,--,--,--,--,--,--,--,--,--,--,--,--,--
John Ross,KC,WR,Det,L 20-21,0.0,--/--,--,--,--,--,--,--,--,--,--,--,--,--,--,--
John FitzPatrick,Atl,TE,Car,W 24-10,0.0,--/--,--,--,--,--,--,--,--,--,--,--,--,--,--,--
Jody Fortson,KC,TE,Det,L 20-21,0.0,--/--,--,--,--,--,--,--,--,--,--,--,--,--,--,--
Ty Johnson,Buf,RB,@NYJ,L 16-22,0.0,--/--,--,--,--,--,--,--,--,--,--,--,--,--,--,--
Chad Henne,KC,QB,Det,L 20-21,0.0,--/--,--,--,--,--,--,--,--,--,--,--,--,--,--,--
Stanley Berryhill,FA,WR,--,,--,--/--,--,--,--,--,--,--,--,--,--,--,--,--,--,--
MyCole Pruitt,Atl,TE,Car,W 24-10,0.0,0/0,0,0,0,0,0,0,0,0,0,0,0,0,0,0.0
Jake Haener,NO,QB,Ten,W 16-15,0.0,--/--,--,--,--,--,--,--,--,--,--,--,--,--,--,--
Nick Bawden,NYJ,RB,Buf,W 22-16,0.0,0/0,0,0,0,0,0,0,0,0,0,0,0,0,0,0.0
Sam Ehlinger,Ind,QB,Jax,L 21-31,0.0,--/--,--,--,--,--,--,--,--,--,--,--,--,--,--,--
Marlon Mack,Ari,RB,@Wsh,L 16-20,0.0,--/--,--,--,--,--,--,--,--,--,--,--,--,--,--,--
Josh Johnson,Bal,QB,Hou,W 25-9,0.0,--/--,--,--,--,--,--,--,--,--,--,--,--,--,--,--
Colton Dowell,Ten,WR,@NO,L 15-16,0.0,--/--,--,--,--,--,--,--,--,--,--,--,--,--,--,--
Tre Nixon,NE,WR,Phi,L 20-25,0.0,--/--,--,--,--,--,--,--,--,--,--,--,--,--,--,--
Zander Horvath,FA,RB,--,,--,--/--,--,--,--,--,--,--,--,--,--,--,--,--,--,--
Nate Adkins,Den,TE,LV,L 16-17,0.0,--/--,--,--,--,--,--,--,--,--,--,--,--,--,--,--
Elijah Cooks,Jax,WR,@Ind,W 31-21,0.0,--/--,--,--,--,--,--,--,--,--,--,--,--,--,--,--
Mitchell Tinsley,Wsh,WR,Ari,W 20-16,0.0,--/--,--,--,--,--,--,--,--,--,--,--,--,--,--,--
Case Keenum,Hou,QB,@Bal,L 9-25,0.0,--/--,--,--,--,--,--,--,--,--,--,--,--,--,--,--
Anthony Schwartz,FA,WR,--,,--,--/--,--,--,--,--,--,--,--,--,--,--,--,--,--,--
Ashton Dulin,Ind,WR,Jax,L 21-31,0.0,--/--,--,--,--,--,--,--,--,--,--,--,--,--,--,--
Brayden Willis,SF,TE,@Pit,W 30-7,0.0,--/--,--,--,--,--,--,--,--,--,--,--,--,--,--,--
Geoff Swaim,Ari,TE,@Wsh,L 16-20,1.0,0/0,0,0,0,0,0,0,0,0,0,0,0,0,0,0.0
Penny Hart,FA,WR,--,,--,--/--,--,--,--,--,--,--,--,--,--,--,--,--,--,--
Kearis Jackson,Ten,WR,@NO,L 15-16,0.5,0/0,0,0,0,0,0,0,0,0,0,0,0,0,0,0.0
Payne Durham,TB,TE,@Min,W 20-17,0.0,--/--,--,--,--,--,--,--,--,--,--,--,--,--,--,--
Jakeem Grant Sr.,Cle,WR,Cin,W 24-3,0.0,--/--,--,--,--,--,--,--,--,--,--,--,--,--,--,--
Godwin Igwebuike,Pit,RB,SF,L 7-30,1.1,0/0,0,0,0,0,0,0,0,0,0,0,0,0,0,0.0
Brett Rypien,LAR,QB,@Sea,W 30-13,0.0,--/--,--,--,--,--,--,--,--,--,--,--,--,--,--,--
Kirk Merritt,FA,RB,--,,--,0/0,0,0,0,0,0,0,0,0,0,0,0,0,0,--
Stone Smartt,LAC,TE,Mia,L 34-36,0.0,0/0,0,0,0,0,0,0,0,0,0,0,0,0,0,0.0
Jesper Horsted,LV,TE,@Den,W 17-16,0.6,0/0,0,0,0,0,0,0,0,0,0,0,0,0,0,0.0
Joe Reed,Chi,WR,GB,L 20-38,0.0,--/--,--,--,--,--,--,--,--,--,--,--,--,--,--,--
Avery Williams,Atl,RB,Car,W 24-10,0.0,--/--,--,--,--,--,--,--,--,--,--,--,--,--,--,--
Jalen Virgil,Den,WR,LV,L 16-17,0.0,--/--,--,--,--,--,--,--,--,--,--,--,--,--,--,--
Blake Jarwin,Dal,TE,@NYG,W 40-0,0.0,--/--,--,--,--,--,--,--,--,--,--,--,--,--,--,--
Nick Muse,Min,TE,TB,L 17-20,0.0,--/--,--,--,--,--,--,--,--,--,--,--,--,--,--,--
Jared Bernhardt,Atl,WR,Car,W 24-10,0.0,--/--,--,--,--,--,--,--,--,--,--,--,--,--,--,--
Nate Sudfeld,Det,QB,@KC,W 21-20,0.0,--/--,--,--,--,--,--,--,--,--,--,--,--,--,--,--
Matt Bushman,KC,TE,Det,L 20-21,0.0,0/0,0,0,0,0,0,0,0,0,0,0,0,0,0,0.0
Carlos Hyde,Jax,RB,@Ind,W 31-21,0.0,--/--,--,--,--,--,--,--,--,--,--,--,--,--,--,--
Tyler Davis,GB,TE,@Chi,W 38-20,0.0,--/--,--,--,--,--,--,--,--,--,--,--,--,--,--,--
Logan Woodside,Atl,QB,Car,W 24-10,0.0,--/--,--,--,--,--,--,--,--,--,--,--,--,--,--,--
Michael Woods II,Cle,WR,Cin,W 24-3,0.0,--/--,--,--,--,--,--,--,--,--,--,--,--,--,--,--
Qadree Ollison,Pit,RB,SF,L 7-30,0.0,--/--,--,--,--,--,--,--,--,--,--,--,--,--,--,--
Sutton Smith,LV,RB,@Den,W 17-16,0.0,--/--,--,--,--,--,--,--,--,--,--,--,--,--,--,--
David Wells,TB,TE,@Min,W 20-17,0.6,0/0,0,0,0,0,0,0,0,0,0,0,0,0,0,0.0
Devin Smith,Car,WR,@Atl,L 10-24,0.0,--/--,--,--,--,--,--,--,--,--,--,--,--,--,--,--
Irvin Charles,NYJ,WR,Buf,W 22-16,0.0,--/--,--,--,--,--,--,--,--,--,--,--,--,--,--,--
Ben Sims,GB,TE,@Chi,W 38-20,0.0,0/0,0,0,0,0,0,0,0,0,0,0,0,0,0,0.0
Shane Zylstra,Det,TE,@KC,W 21-20,0.0,--/--,--,--,--,--,--,--,--,--,--,--,--,--,--,--
Taiwan Jones,FA,RB,--,,--,0/0,0,0,0,0,0,0,0,0,0,0,0,0,0,--
Austin Walter,LV,RB,@Den,W 17-16,0.0,--/--,--,--,--,--,--,--,--,--,--,--,--,--,--,--
Kenny Yeboah,NYJ,TE,Buf,W 22-16,0.0,--/--,--,--,--,--,--,--,--,--,--,--,--,--,--,--
Feleipe Franks,Atl,TE,Car,W 24-10,0.0,--/--,--,--,--,--,--,--,--,--,--,--,--,--,--,--
Brittain Brown,LV,RB,@Den,W 17-16,0.0,--/--,--,--,--,--,--,--,--,--,--,--,--,--,--,--
Tom Kennedy,Det,WR,@KC,W 21-20,0.0,--/--,--,--,--,--,--,--,--,--,--,--,--,--,--,--
Zach Davidson,Buf,TE,@NYJ,L 16-22,0.0,--/--,--,--,--,--,--,--,--,--,--,--,--,--,--,--
Antonio Gandy-Golden,Wsh,TE,Ari,W 20-16,0.0,--/--,--,--,--,--,--,--,--,--,--,--,--,--,--,--
Parker Hesse,Atl,TE,Car,W 24-10,0.0,0/0,0,0,0,0,0,0,0,0,0,0,0,0,0,0.0
Tommy Sweeney,NYG,TE,Dal,L 0-40,0.0,--/--,--,--,--,--,--,--,--,--,--,--,--,--,--,--
Troy Hairston,Hou,RB,@Bal,L 9-25,0.0,--/--,--,--,--,--,--,--,--,--,--,--,--,--,--,--
Jack Doyle,Ind,TE,Jax,L 21-31,0.0,--/--,--,--,--,--,--,--,--,--,--,--,--,--,--,--
Seth Williams,Jax,WR,@Ind,W 31-21,0.0,--/--,--,--,--,--,--,--,--,--,--,--,--,--,--,--
Cethan Carter,Mia,TE,@LAC,W 36-34,0.0,--/--,--,--,--,--,--,--,--,--,--,--,--,--,--,--
Stephen Sullivan,Car,TE,@Atl,L 10-24,0.0,--/--,--,--,--,--,--,--,--,--,--,--,--,--,--,--
Ben Ellefson,Min,TE,TB,L 17-20,0.0,--/--,--,--,--,--,--,--,--,--,--,--,--,--,--,--
Chris Hogan,NO,WR,Ten,W 16-15,0.0,--/--,--,--,--,--,--,--,--,--,--,--,--,--,--,--
Juwann Winfree,Ind,WR,Jax,L 21-31,0.0,0/0,0,0,0,0,0,0,0,0,0,0,0,0,0,0.0
Curtis Hodges,Wsh,TE,Ari,W 20-16,0.0,--/--,--,--,--,--,--,--,--,--,--,--,--,--,--,--
Kaden Smith,Wsh,TE,Ari,W 20-16,0.0,--/--,--,--,--,--,--,--,--,--,--,--,--,--,--,--
Brandon Dillon,Wsh,TE,Ari,W 20-16,0.0,--/--,--,--,--,--,--,--,--,--,--,--,--,--,--,--
Sammis Reyes,Jax,TE,@Ind,W 31-21,0.0,--/--,--,--,--,--,--,--,--,--,--,--,--,--,--,--
Chris Myarick,NYG,TE,Dal,L 0-40,0.0,--/--,--,--,--,--,--,--,--,--,--,--,--,--,--,--
Diontae Spencer,NYJ,WR,Buf,W 22-16,0.0,--/--,--,--,--,--,--,--,--,--,--,--,--,--,--,--
Malcolm Perry,NE,WR,Phi,L 20-25,0.0,--/--,--,--,--,--,--,--,--,--,--,--,--,--,--,--
Jake Browning,Cin,QB,@Cle,L 3-24,0.0,0/1,0,0,0,1,-1,0,0,0,0,0,0,0,0,-0.1
Jamal Agnew,Jax,WR,@Ind,W 31-21,3.0,0/0,0,0,0,2,-2,0,0,0,0,0,0,0,0,-0.2
Sam Darnold,SF,QB,@Pit,W 30-7,0.0,0/0,0,0,0,2,-2,0,0,0,0,0,0,0,0,-0.2
Keaontay Ingram,Ari,RB,@Wsh,L 16-20,3.7,0/0,0,0,0,5,-4,0,0,0,0,0,0,0,0,-0.4
D'Ernest Johnson,Jax,RB,@Ind,W 31-21,1.1,0/0,0,0,0,1,-4,0,0,0,0,0,0,0,0,-0.4
Kareem Hunt,Cle,RB,Cin,W 24-3,0.0,--/--,--,--,--,--,--,--,--,--,--,--,--,--,--,--
Leonard Fournette,FA,RB,--,,--,--/--,--,--,--,--,--,--,--,--,--,--,--,--,--,--
Melvin Gordon III,Bal,RB,Hou,W 25-9,0.0,--/--,--,--,--,--,--,--,--,--,--,--,--,--,--,--
Zonovan Knight,Det,RB,@KC,W 21-20,0.0,--/--,--,--,--,--,--,--,--,--,--,--,--,--,--,--
Kenyan Drake,Bal,RB,Hou,W 25-9,0.0,--/--,--,--,--,--,--,--,--,--,--,--,--,--,--,--
Malik Davis,FA,RB,--,,--,--/--,--,--,--,--,--,--,--,--,--,--,--,--,--,--
Antonio Brown,FA,WR,--,,--,--/--,--,--,--,--,--,--,--,--,--,--,--,--,--,--
Rob Gronkowski,FA,TE,--,,--,--/--,--,--,--,--,--,--,--,--,--,--,--,--,--,--
Robbie Chosen,Mia,WR,@LAC,W 36-34,0.0,--/--,--,--,--,--,--,--,--,--,--,--,--,--,--,--
Kevin Harris,FA,RB,--,,--,--/--,--,--,--,--,--,--,--,--,--,--,--,--,--,--
James Robinson,FA,RB,--,,--,--/--,--,--,--,--,--,--,--,--,--,--,--,--,--,--
Corey Clement,Ari,RB,@Wsh,L 16-20,0.0,--/--,--,--,--,--,--,--,--,--,--,--,--,--,--,--
Adrian Peterson,FA,RB,--,,--,--/--,--,--,--,--,--,--,--,--,--,--,--,--,--,--
Darrynton Evans,Chi,RB,GB,L 20-38,0.0,--/--,--,--,--,--,--,--,--,--,--,--,--,--,--,--
Julio Jones,FA,WR,--,,--,--/--,--,--,--,--,--,--,--,--,--,--,--,--,--,--
Trevor Siemian,FA,QB,--,,--,--/--,--,--,--,--,--,--,--,--,--,--,--,--,--,--
Jermar Jefferson,FA,RB,--,,--,--/--,--,--,--,--,--,--,--,--,--,--,--,--,--,--
DeWayne McBride,FA,RB,--,,--,--/--,--,--,--,--,--,--,--,--,--,--,--,--,--,--
Malik Cunningham,FA,QB,--,,--,--/--,--,--,--,--,--,--,--,--,--,--,--,--,--,--
Trace McSorley,FA,QB,--,,--,--/--,--,--,--,--,--,--,--,--,--,--,--,--,--,--
Colt McCoy,FA,QB,--,,--,--/--,--,--,--,--,--,--,--,--,--,--,--,--,--,--
Zack Kuntz,FA,TE,--,,--,--/--,--,--,--,--,--,--,--,--,--,--,--,--,--,--
Max Duggan,FA,QB,--,,--,--/--,--,--,--,--,--,--,--,--,--,--,--,--,--,--
Deneric Prince,FA,RB,--,,--,--/--,--,--,--,--,--,--,--,--,--,--,--,--,--,--
Matt Corral,FA,QB,--,,--,--/--,--,--,--,--,--,--,--,--,--,--,--,--,--,--
John Kelly Jr.,FA,RB,--,,--,--/--,--,--,--,--,--,--,--,--,--,--,--,--,--,--
Binjimen Victor,FA,WR,--,,--,--/--,--,--,--,--,--,--,--,--,--,--,--,--,--,--
Carson Wentz,FA,QB,--,,--,--/--,--,--,--,--,--,--,--,--,--,--,--,--,--,--
Mohamed Ibrahim,FA,RB,--,,--,--/--,--,--,--,--,--,--,--,--,--,--,--,--,--,--
Joseph Ngata,FA,WR,--,,--,--/--,--,--,--,--,--,--,--,--,--,--,--,--,--,--
Chase Cota,FA,WR,--,,--,--/--,--,--,--,--,--,--,--,--,--,--,--,--,--,--
Austin Watkins Jr.,FA,WR,--,,--,--/--,--,--,--,--,--,--,--,--,--,--,--,--,--,--
Jarvis Landry,FA,WR,--,,--,--/--,--,--,--,--,--,--,--,--,--,--,--,--,--,--
Bryce Perkins,FA,QB,--,,--,--/--,--,--,--,--,--,--,--,--,--,--,--,--,--,--
Roger Carter Jr.,FA,TE,--,,--,--/--,--,--,--,--,--,--,--,--,--,--,--,--,--,--
Josh Gordon,FA,WR,--,,--,--/--,--,--,--,--,--,--,--,--,--,--,--,--,--,--
D'vonte Price,FA,RB,--,,--,--/--,--,--,--,--,--,--,--,--,--,--,--,--,--,--
Derek Watt,FA,RB,--,,--,--/--,--,--,--,--,--,--,--,--,--,--,--,--,--,--
David Moore,FA,WR,--,,--,--/--,--,--,--,--,--,--,--,--,--,--,--,--,--,--
Tanner Hudson,Cin,TE,@Cle,L 3-24,0.0,--/--,--,--,--,--,--,--,--,--,--,--,--,--,--,--
Joe Flacco,FA,QB,--,,--,--/--,--,--,--,--,--,--,--,--,--,--,--,--,--,--
Matt Barkley,FA,QB,--,,--,--/--,--,--,--,--,--,--,--,--,--,--,--,--,--,--
A.J. Green,FA,WR,--,,--,--/--,--,--,--,--,--,--,--,--,--,--,--,--,--,--
Cole Beasley,FA,WR,--,,--,--/--,--,--,--,--,--,--,--,--,--,--,--,--,--,--
Ben DiNucci,FA,QB,--,,--,--/--,--,--,--,--,--,--,--,--,--,--,--,--,--,--
Grant DuBose,FA,WR,--,,--,--/--,--,--,--,--,--,--,--,--,--,--,--,--,--,--
J.J. Taylor,FA,RB,--,,--,--/--,--,--,--,--,--,--,--,--,--,--,--,--,--,--
Mark Ingram II,FA,RB,--,,--,--/--,--,--,--,--,--,--,--,--,--,--,--,--,--,--
Rex Burkhead,FA,RB,--,,--,--/--,--,--,--,--,--,--,--,--,--,--,--,--,--,--
Laquon Treadwell,Bal,WR,Hou,W 25-9,0.0,--/--,--,--,--,--,--,--,--,--,--,--,--,--,--,--
Matt Ryan,FA,QB,--,,--,--/--,--,--,--,--,--,--,--,--,--,--,--,--,--,--
Anthony Brown,FA,QB,--,,--,--/--,--,--,--,--,--,--,--,--,--,--,--,--,--,--
Amari Rodgers,Ind,WR,Jax,L 21-31,0.0,--/--,--,--,--,--,--,--,--,--,--,--,--,--,--,--
Mike Glennon,FA,QB,--,,--,--/--,--,--,--,--,--,--,--,--,--,--,--,--,--,--
Dan Arnold,FA,TE,--,,--,--/--,--,--,--,--,--,--,--,--,--,--,--,--,--,--
Jonathan Williams,FA,RB,--,,--,--/--,--,--,--,--,--,--,--,--,--,--,--,--,--,--
Devon Allen,Phi,WR,@NE,W 25-20,0.0,--/--,--,--,--,--,--,--,--,--,--,--,--,--,--,--
Darrell Henderson Jr.,FA,RB,--,,--,--/--,--,--,--,--,--,--,--,--,--,--,--,--,--,--
Caleb Huntley,FA,RB,--,,--,--/--,--,--,--,--,--,--,--,--,--,--,--,--,--,--
Snoop Conner,FA,RB,--,,--,--/--,--,--,--,--,--,--,--,--,--,--,--,--,--,--
Nick Foles,FA,QB,--,,--,--/--,--,--,--,--,--,--,--,--,--,--,--,--,--,--
Kenny Golladay,FA,WR,--,,--,--/--,--,--,--,--,--,--,--,--,--,--,--,--,--,--
Marquez Callaway,FA,WR,--,,--,--/--,--,--,--,--,--,--,--,--,--,--,--,--,--,--
Montrell Washington,KC,WR,Det,L 20-21,0.0,--/--,--,--,--,--,--,--,--,--,--,--,--,--,--,--
Adam Humphries,FA,WR,--,,--,--/--,--,--,--,--,--,--,--,--,--,--,--,--,--,--
Chase Allen,FA,TE,--,,--,--/--,--,--,--,--,--,--,--,--,--,--,--,--,--,--
La'Mical Perine,FA,RB,--,,--,--/--,--,--,--,--,--,--,--,--,--,--,--,--,--,--
Spencer Brown,FA,RB,--,,--,--/--,--,--,--,--,--,--,--,--,--,--,--,--,--,--
KJ Hamler,FA,WR,--,,--,--/--,--,--,--,--,--,--,--,--,--,--,--,--,--,--
Tim Boyle,NYJ,QB,Buf,W 22-16,0.0,--/--,--,--,--,--,--,--,--,--,--,--,--,--,--,--
Carson Strong,FA,QB,--,,--,--/--,--,--,--,--,--,--,--,--,--,--,--,--,--,--
PJ Walker,Cle,QB,Cin,W 24-3,0.0,--/--,--,--,--,--,--,--,--,--,--,--,--,--,--,--
Denzel Mims,FA,WR,--,,--,--/--,--,--,--,--,--,--,--,--,--,--,--,--,--,--
Eric Saubert,FA,TE,--,,--,--/--,--,--,--,--,--,--,--,--,--,--,--,--,--,--
T.Y. Hilton,FA,WR,--,,--,--/--,--,--,--,--,--,--,--,--,--,--,--,--,--,--
Devonta Freeman,FA,RB,--,,--,--/--,--,--,--,--,--,--,--,--,--,--,--,--,--,--
Paul Quessenberry,FA,TE,--,,--,--/--,--,--,--,--,--,--,--,--,--,--,--,--,--,--
Simi Fehoko,LAC,WR,Mia,L 34-36,0.0,--/--,--,--,--,--,--,--,--,--,--,--,--,--,--,--
David Johnson,FA,RB,--,,--,--/--,--,--,--,--,--,--,--,--,--,--,--,--,--,--
Tyler Badie,FA,RB,--,,--,--/--,--,--,--,--,--,--,--,--,--,--,--,--,--,--
Scotty Washington,FA,TE,--,,--,--/--,--,--,--,--,--,--,--,--,--,--,--,--,--,--
Kurt Benkert,FA,QB,--,,--,--/--,--,--,--,--,--,--,--,--,--,--,--,--,--,--
Damien Williams,FA,RB,--,,--,--/--,--,--,--,--,--,--,--,--,--,--,--,--,--,--
Maurice Alexander,FA,WR,--,,--,--/--,--,--,--,--,--,--,--,--,--,--,--,--,--,--
Wendell Smallwood,FA,RB,--,,--,--/--,--,--,--,--,--,--,--,--,--,--,--,--,--,--
Johnny Johnson III,FA,WR,--,,--,--/--,--,--,--,--,--,--,--,--,--,--,--,--,--,--
Lew Nichols,FA,RB,--,,--,--/--,--,--,--,--,--,--,--,--,--,--,--,--,--,--
Jared Cook,FA,TE,--,,--,--/--,--,--,--,--,--,--,--,--,--,--,--,--,--,--
Sammy Watkins,FA,WR,--,,--,--/--,--,--,--,--,--,--,--,--,--,--,--,--,--,--
Chris Conley,SF,WR,@Pit,W 30-7,0.0,--/--,--,--,--,--,--,--,--,--,--,--,--,--,--,--
Dante Pettis,FA,WR,--,,--,--/--,--,--,--,--,--,--,--,--,--,--,--,--,--,--
Mataeo Durant,FA,RB,--,,--,--/--,--,--,--,--,--,--,--,--,--,--,--,--,--,--
Chris Carson,FA,RB,--,,--,--/--,--,--,--,--,--,--,--,--,--,--,--,--,--,--
Dwayne Washington,Den,RB,LV,L 16-17,0.0,--/--,--,--,--,--,--,--,--,--,--,--,--,--,--,--
J.D. McKissic,FA,RB,--,,--,--/--,--,--,--,--,--,--,--,--,--,--,--,--,--,--
Jalen Wydermyer,FA,TE,--,,--,--/--,--,--,--,--,--,--,--,--,--,--,--,--,--,--
N'Keal Harry,Min,WR,TB,L 17-20,0.0,--/--,--,--,--,--,--,--,--,--,--,--,--,--,--,--
Ian Book,FA,QB,--,,--,--/--,--,--,--,--,--,--,--,--,--,--,--,--,--,--
DeSean Jackson,FA,WR,--,,--,--/--,--,--,--,--,--,--,--,--,--,--,--,--,--,--
Braylon Sanders,FA,WR,--,,--,--/--,--,--,--,--,--,--,--,--,--,--,--,--,--,--
Will Grier,NE,QB,Phi,L 20-25,0.0,--/--,--,--,--,--,--,--,--,--,--,--,--,--,--,--
Josh Adams,FA,RB,--,,--,--/--,--,--,--,--,--,--,--,--,--,--,--,--,--,--
Royce Freeman,LAR,RB,@Sea,W 30-13,0.0,--/--,--,--,--,--,--,--,--,--,--,--,--,--,--,--
Kwamie Lassiter II,Cin,WR,@Cle,L 3-24,0.0,--/--,--,--,--,--,--,--,--,--,--,--,--,--,--,--
Andy Isabella,FA,WR,--,,--,--/--,--,--,--,--,--,--,--,--,--,--,--,--,--,--
Shi Smith,FA,WR,--,,--,--/--,--,--,--,--,--,--,--,--,--,--,--,--,--,--
Dez Fitzpatrick,FA,WR,--,,--,--/--,--,--,--,--,--,--,--,--,--,--,--,--,--,--
O.J. Howard,FA,TE,--,,--,--/--,--,--,--,--,--,--,--,--,--,--,--,--,--,--
Willie Snead IV,SF,WR,@Pit,W 30-7,0.0,--/--,--,--,--,--,--,--,--,--,--,--,--,--,--,--
Ethan Fernea,FA,WR,--,,--,--/--,--,--,--,--,--,--,--,--,--,--,--,--,--,--
Shane Buechele,FA,QB,--,,--,--/--,--,--,--,--,--,--,--,--,--,--,--,--,--,--
Kyle Rudolph,FA,TE,--,,--,--/--,--,--,--,--,--,--,--,--,--,--,--,--,--,--
Chris Oladokun,FA,QB,--,,--,--/--,--,--,--,--,--,--,--,--,--,--,--,--,--,--
Ethan Wolf,FA,TE,--,,--,--/--,--,--,--,--,--,--,--,--,--,--,--,--,--,--
Josh Rosen,FA,QB,--,,--,--/--,--,--,--,--,--,--,--,--,--,--,--,--,--,--
Jake Fromm,FA,QB,--,,--,--/--,--,--,--,--,--,--,--,--,--,--,--,--,--,--
Lucas Krull,FA,TE,--,,--,--/--,--,--,--,--,--,--,--,--,--,--,--,--,--,--
Benny Snell Jr.,FA,RB,--,,--,--/--,--,--,--,--,--,--,--,--,--,--,--,--,--,--
Greg Ward,FA,WR,--,,--,--/--,--,--,--,--,--,--,--,--,--,--,--,--,--,--
J.J. Arcega-Whiteside,FA,WR,--,,--,--/--,--,--,--,--,--,--,--,--,--,--,--,--,--,--
Danny Amendola,FA,WR,--,,--,--/--,--,--,--,--,--,--,--,--,--,--,--,--,--,--
Hakeem Butler,FA,WR,--,,--,--/--,--,--,--,--,--,--,--,--,--,--,--,--,--,--
Larry Rountree III,FA,RB,--,,--,--/--,--,--,--,--,--,--,--,--,--,--,--,--,--,--
Zach Gentry,FA,TE,--,,--,--/--,--,--,--,--,--,--,--,--,--,--,--,--,--,--
Quintez Cephus,FA,WR,--,,--,--/--,--,--,--,--,--,--,--,--,--,--,--,--,--,--
Darrel Williams,FA,RB,--,,--,--/--,--,--,--,--,--,--,--,--,--,--,--,--,--,--
Rashard Higgins,FA,WR,--,,--,--/--,--,--,--,--,--,--,--,--,--,--,--,--,--,--
Jake Tonges,FA,TE,--,,--,--/--,--,--,--,--,--,--,--,--,--,--,--,--,--,--
Kellen Mond,FA,QB,--,,--,--/--,--,--,--,--,--,--,--,--,--,--,--,--,--,--
Nakia Griffin-Stewart,FA,TE,--,,--,--/--,--,--,--,--,--,--,--,--,--,--,--,--,--,--
Daylen Baldwin,FA,WR,--,,--,--/--,--,--,--,--,--,--,--,--,--,--,--,--,--,--
Matt Sokol,FA,TE,--,,--,--/--,--,--,--,--,--,--,--,--,--,--,--,--,--,--
Lynn Bowden Jr.,NO,WR,Ten,W 16-15,0.0,--/--,--,--,--,--,--,--,--,--,--,--,--,--,--,--
D.J. Montgomery,FA,WR,--,,--,--/--,--,--,--,--,--,--,--,--,--,--,--,--,--,--
Steven Sims,FA,WR,--,,--,--/--,--,--,--,--,--,--,--,--,--,--,--,--,--,--
Cade Johnson,FA,WR,--,,--,--/--,--,--,--,--,--,--,--,--,--,--,--,--,--,--
Abram Smith,FA,RB,--,,--,--/--,--,--,--,--,--,--,--,--,--,--,--,--,--,--
Phillip Lindsay,FA,RB,--,,--,--/--,--,--,--,--,--,--,--,--,--,--,--,--,--,--
Alex Erickson,FA,WR,--,,--,--/--,--,--,--,--,--,--,--,--,--,--,--,--,--,--
Derrick Gore,Wsh,RB,Ari,W 20-16,0.0,--/--,--,--,--,--,--,--,--,--,--,--,--,--,--,--
Kalen Ballage,FA,RB,--,,--,--/--,--,--,--,--,--,--,--,--,--,--,--,--,--,--
Tyler Mabry,FA,TE,--,,--,--/--,--,--,--,--,--,--,--,--,--,--,--,--,--,--
Ty'Son Williams,FA,RB,--,,--,--/--,--,--,--,--,--,--,--,--,--,--,--,--,--,--
Racey McMath,FA,WR,--,,--,--/--,--,--,--,--,--,--,--,--,--,--,--,--,--,--
Isaiah Zuber,FA,WR,--,,--,--/--,--,--,--,--,--,--,--,--,--,--,--,--,--,--
Anthony Gordon,FA,QB,--,,--,--/--,--,--,--,--,--,--,--,--,--,--,--,--,--,--
Isaiah Ford,FA,WR,--,,--,--/--,--,--,--,--,--,--,--,--,--,--,--,--,--,--
Tavon Austin,FA,WR,--,,--,--/--,--,--,--,--,--,--,--,--,--,--,--,--,--,--
James Washington,FA,WR,--,,--,--/--,--,--,--,--,--,--,--,--,--,--,--,--,--,--
Patrick Laird,FA,RB,--,,--,--/--,--,--,--,--,--,--,--,--,--,--,--,--,--,--
Marquez Stevenson,FA,WR,--,,--,--/--,--,--,--,--,--,--,--,--,--,--,--,--,--,--
Reid Sinnett,FA,QB,--,,--,--/--,--,--,--,--,--,--,--,--,--,--,--,--,--,--
Giovani Bernard,FA,RB,--,,--,--/--,--,--,--,--,--,--,--,--,--,--,--,--,--,--
T.J. Vasher,FA,WR,--,,--,--/--,--,--,--,--,--,--,--,--,--,--,--,--,--,--
Kendall Hinton,FA,WR,--,,--,--/--,--,--,--,--,--,--,--,--,--,--,--,--,--,--
Jeremy Sprinkle,FA,TE,--,,--,--/--,--,--,--,--,--,--,--,--,--,--,--,--,--,--
Devin Asiasi,FA,TE,--,,--,--/--,--,--,--,--,--,--,--,--,--,--,--,--,--,--
Bryan Edwards,FA,WR,--,,--,--/--,--,--,--,--,--,--,--,--,--,--,--,--,--,--
KeeSean Johnson,FA,WR,--,,--,--/--,--,--,--,--,--,--,--,--,--,--,--,--,--,--
David Blough,FA,QB,--,,--,--/--,--,--,--,--,--,--,--,--,--,--,--,--,--,--
Dontrell Hilliard,FA,RB,--,,--,--/--,--,--,--,--,--,--,--,--,--,--,--,--,--,--
Breshad Perriman,FA,WR,--,,--,--/--,--,--,--,--,--,--,--,--,--,--,--,--,--,--
Tyree Jackson,FA,TE,--,,--,--/--,--,--,--,--,--,--,--,--,--,--,--,--,--,--
Tarik Black,FA,WR,--,,--,--/--,--,--,--,--,--,--,--,--,--,--,--,--,--,--
Tevin Coleman,FA,RB,--,,--,--/--,--,--,--,--,--,--,--,--,--,--,--,--,--,--
Mike Thomas,FA,WR,--,,--,--/--,--,--,--,--,--,--,--,--,--,--,--,--,--,--
Demetric Felton Jr.,FA,RB,--,,--,--/--,--,--,--,--,--,--,--,--,--,--,--,--,--,--
Marcus Kemp,FA,WR,--,,--,--/--,--,--,--,--,--,--,--,--,--,--,--,--,--,--
James O'Shaughnessy,FA,TE,--,,--,--/--,--,--,--,--,--,--,--,--,--,--,--,--,--,--
Ryan Griffin,FA,TE,--,,--,--/--,--,--,--,--,--,--,--,--,--,--,--,--,--,--
William Fuller V,FA,WR,--,,--,--/--,--,--,--,--,--,--,--,--,--,--,--,--,--,--
Duke Johnson,FA,RB,--,,--,--/--,--,--,--,--,--,--,--,--,--,--,--,--,--,--
Tay Martin,FA,WR,--,,--,--/--,--,--,--,--,--,--,--,--,--,--,--,--,--,--
Chase Daniel,FA,QB,--,,--,--/--,--,--,--,--,--,--,--,--,--,--,--,--,--,--
Tanner Conner,FA,TE,--,,--,--/--,--,--,--,--,--,--,--,--,--,--,--,--,--,--
Malcolm Brown,FA,RB,--,,--,--/--,--,--,--,--,--,--,--,--,--,--,--,--,--,--
Ryan Griffin,FA,QB,--,,--,--/--,--,--,--,--,--,--,--,--,--,--,--,--,--,--
Thaddeus Moss,FA,TE,--,,--,--/--,--,--,--,--,--,--,--,--,--,--,--,--,--,--
Nikola Kalinic,FA,TE,--,,--,--/--,--,--,--,--,--,--,--,--,--,--,--,--,--,--
Dennis Houston,FA,WR,--,,--,--/--,--,--,--,--,--,--,--,--,--,--,--,--,--,--
Trishton Jackson,Min,WR,TB,L 17-20,0.0,--/--,--,--,--,--,--,--,--,--,--,--,--,--,--,--
Cole McDonald,FA,QB,--,,--,--/--,--,--,--,--,--,--,--,--,--,--,--,--,--,--
Mike Davis,FA,RB,--,,--,--/--,--,--,--,--,--,--,--,--,--,--,--,--,--,--
Emmanuel Sanders,FA,WR,--,,--,--/--,--,--,--,--,--,--,--,--,--,--,--,--,--,--
Jeff Driskel,FA,QB,--,,--,--/--,--,--,--,--,--,--,--,--,--,--,--,--,--,--
Andy Janovich,FA,RB,--,,--,--/--,--,--,--,--,--,--,--,--,--,--,--,--,--,--
Pharoh Cooper,FA,WR,--,,--,--/--,--,--,--,--,--,--,--,--,--,--,--,--,--,--
Lance McCutcheon,FA,WR,--,,--,--/--,--,--,--,--,--,--,--,--,--,--,--,--,--,--
Chester Rogers,FA,WR,--,,--,--/--,--,--,--,--,--,--,--,--,--,--,--,--,--,--
Devine Ozigbo,FA,RB,--,,--,--/--,--,--,--,--,--,--,--,--,--,--,--,--,--,--
Jaret Patterson,FA,RB,--,,--,--/--,--,--,--,--,--,--,--,--,--,--,--,--,--,--
Trey Edmunds,FA,RB,--,,--,--/--,--,--,--,--,--,--,--,--,--,--,--,--,--,--
Dillon Stoner,FA,WR,--,,--,--/--,--,--,--,--,--,--,--,--,--,--,--,--,--,--
Trestan Ebner,FA,RB,--,,--,--/--,--,--,--,--,--,--,--,--,--,--,--,--,--,--
James Proche II,FA,WR,--,,--,--/--,--,--,--,--,--,--,--,--,--,--,--,--,--,--
Javon Wims,FA,WR,--,,--,--/--,--,--,--,--,--,--,--,--,--,--,--,--,--,--
Alex Armah,Wsh,RB,Ari,W 20-16,0.0,--/--,--,--,--,--,--,--,--,--,--,--,--,--,--,--
Kyric McGowan,FA,WR,--,,--,--/--,--,--,--,--,--,--,--,--,--,--,--,--,--,--
Ricky Seals-Jones,FA,TE,--,,--,--/--,--,--,--,--,--,--,--,--,--,--,--,--,--,--
Damarea Crockett,FA,RB,--,,--,--/--,--,--,--,--,--,--,--,--,--,--,--,--,--,--
Jason Huntley,FA,RB,--,,--,--/--,--,--,--,--,--,--,--,--,--,--,--,--,--,--
Brian Hill,FA,RB,--,,--,--/--,--,--,--,--,--,--,--,--,--,--,--,--,--,--
Tyler Johnson,FA,WR,--,,--,--/--,--,--,--,--,--,--,--,--,--,--,--,--,--,--
Chris Streveler,FA,QB,--,,--,--/--,--,--,--,--,--,--,--,--,--,--,--,--,--,--
Jake Luton,NO,QB,Ten,W 16-15,0.0,--/--,--,--,--,--,--,--,--,--,--,--,--,--,--,--
Brady Russell,Sea,TE,LAR,L 13-30,--,--/--,--,--,--,--,--,--,--,--,--,--,--,--,--,--
Tyrie Cleveland,FA,WR,--,,--,--/--,--,--,--,--,--,--,--,--,--,--,--,--,--,--
Kevin Hogan,FA,QB,--,,--,--/--,--,--,--,--,--,--,--,--,--,--,--,--,--,--
Garrett Gilbert,FA,QB,--,,--,--/--,--,--,--,--,--,--,--,--,--,--,--,--,--,--
Austin Trammell,LAR,WR,@Sea,W 30-13,0.0,--/--,--,--,--,--,--,--,--,--,--,--,--,--,--,--
Cullen Gillaspia,FA,RB,--,,--,--/--,--,--,--,--,--,--,--,--,--,--,--,--,--,--
Malik Turner,FA,WR,--,,--,--/--,--,--,--,--,--,--,--,--,--,--,--,--,--,--
Freddie Swain,FA,WR,--,,--,--/--,--,--,--,--,--,--,--,--,--,--,--,--,--,--
Kenjon Barner,FA,RB,--,,--,--/--,--,--,--,--,--,--,--,--,--,--,--,--,--,--
Nick Bowers,FA,TE,--,,--,--/--,--,--,--,--,--,--,--,--,--,--,--,--,--,--
Bo Melton,FA,WR,--,,--,--/--,--,--,--,--,--,--,--,--,--,--,--,--,--,--
Mason Kinsey,FA,WR,--,,--,--/--,--,--,--,--,--,--,--,--,--,--,--,--,--,--
Jalen Richard,FA,RB,--,,--,--/--,--,--,--,--,--,--,--,--,--,--,--,--,--,--
Daurice Fountain,FA,WR,--,,--,--/--,--,--,--,--,--,--,--,--,--,--,--,--,--,--
Tony Poljan,FA,TE,--,,--,--/--,--,--,--,--,--,--,--,--,--,--,--,--,--,--
Nick Ralston,FA,RB,--,,--,--/--,--,--,--,--,--,--,--,--,--,--,--,--,--,--
Vyncint Smith,FA,WR,--,,--,--/--,--,--,--,--,--,--,--,--,--,--,--,--,--,--
Nate McCrary,FA,RB,--,,--,--/--,--,--,--,--,--,--,--,--,--,--,--,--,--,--
Sean Mannion,FA,QB,--,,--,--/--,--,--,--,--,--,--,--,--,--,--,--,--,--,--
Ross Travis,FA,TE,--,,--,--/--,--,--,--,--,--,--,--,--,--,--,--,--,--,--
Ryquell Armstead,FA,RB,--,,--,--/--,--,--,--,--,--,--,--,--,--,--,--,--,--,--
Devontae Booker,FA,RB,--,,--,--/--,--,--,--,--,--,--,--,--,--,--,--,--,--,--
Jacques Patrick,FA,RB,--,,--,--/--,--,--,--,--,--,--,--,--,--,--,--,--,--,--
DJ Turner,FA,WR,--,,--,--/--,--,--,--,--,--,--,--,--,--,--,--,--,--,--
Nate Stanley,FA,QB,--,,--,--/--,--,--,--,--,--,--,--,--,--,--,--,--,--,--
Jacob Eason,FA,QB,--,,--,--/--,--,--,--,--,--,--,--,--,--,--,--,--,--,--
Josh Johnson,FA,RB,--,,--,--/--,--,--,--,--,--,--,--,--,--,--,--,--,--,--
Jaydon Mickens,FA,WR,--,,--,--/--,--,--,--,--,--,--,--,--,--,--,--,--,--,--
Trinity Benson,FA,WR,--,,--,--/--,--,--,--,--,--,--,--,--,--,--,--,--,--,--
Hunter Kampmoyer,FA,TE,--,,--,--/--,--,--,--,--,--,--,--,--,--,--,--,--,--,--
Davis Webb,FA,QB,--,,--,--/--,--,--,--,--,--,--,--,--,--,--,--,--,--,--
Danny Etling,FA,QB,--,,--,--/--,--,--,--,--,--,--,--,--,--,--,--,--,--,--
John Wolford,FA,QB,--,,--,--/--,--,--,--,--,--,--,--,--,--,--,--,--,--,--
JaQuan Hardy,FA,RB,--,,--,--/--,--,--,--,--,--,--,--,--,--,--,--,--,--,--
Keelan Cole Sr.,FA,WR,--,,--,--/--,--,--,--,--,--,--,--,--,--,--,--,--,--,--
Elijhaa Penny,FA,RB,--,,--,--/--,--,--,--,--,--,--,--,--,--,--,--,--,--,--
Peyton Barber,FA,RB,--,,--,--/--,--,--,--,--,--,--,--,--,--,--,--,--,--,--
Elijah Holyfield,FA,RB,--,,--,--/--,--,--,--,--,--,--,--,--,--,--,--,--,--,--
Cam Sims,FA,WR,--,,--,--/--,--,--,--,--,--,--,--,--,--,--,--,--,--,--
Jaylen Samuels,FA,RB,--,,--,--/--,--,--,--,--,--,--,--,--,--,--,--,--,--,--
Wayne Gallman,FA,RB,--,,--,--/--,--,--,--,--,--,--,--,--,--,--,--,--,--,--
Sean McKeon,Dal,TE,@NYG,W 40-0,0.0,--/--,--,--,--,--,--,--,--,--,--,--,--,--,--,--
Jeremy McNichols,FA,RB,--,,--,--/--,--,--,--,--,--,--,--,--,--,--,--,--,--,--
Cameron Brate,FA,TE,--,,--,--/--,--,--,--,--,--,--,--,--,--,--,--,--,--,--
Gabe Nabers,FA,RB,--,,--,--/--,--,--,--,--,--,--,--,--,--,--,--,--,--,--
Frank Darby,FA,WR,--,,--,--/--,--,--,--,--,--,--,--,--,--,--,--,--,--,--
Kylin Hill,FA,RB,--,,--,--/--,--,--,--,--,--,--,--,--,--,--,--,--,--,--
Damiere Byrd,FA,WR,--,,--,--/--,--,--,--,--,--,--,--,--,--,--,--,--,--,--
James Morgan,FA,QB,--,,--,--/--,--,--,--,--,--,--,--,--,--,--,--,--,--,--
Maurice Ffrench,FA,WR,--,,--,--/--,--,--,--,--,--,--,--,--,--,--,--,--,--,--
Jordan Wilkins,FA,RB,--,,--,--/--,--,--,--,--,--,--,--,--,--,--,--,--,--,--
J.P. Holtz,FA,RB,--,,--,--/--,--,--,--,--,--,--,--,--,--,--,--,--,--,--
Ito Smith,FA,RB,--,,--,--/--,--,--,--,--,--,--,--,--,--,--,--,--,--,--
Lee Smith,FA,TE,--,,--,--/--,--,--,--,--,--,--,--,--,--,--,--,--,--,--
Cameron Batson,FA,WR,--,,--,--/--,--,--,--,--,--,--,--,--,--,--,--,--,--,--
John Lovett,FA,RB,--,,--,--/--,--,--,--,--,--,--,--,--,--,--,--,--,--,--
Darwin Thompson,FA,RB,--,,--,--/--,--,--,--,--,--,--,--,--,--,--,--,--,--,--
Cornell Powell,FA,WR,--,,--,--/--,--,--,--,--,--,--,--,--,--,--,--,--,--,--
Buddy Howell,FA,RB,--,,--,--/--,--,--,--,--,--,--,--,--,--,--,--,--,--,--
Rodney Adams,FA,WR,--,,--,--/--,--,--,--,--,--,--,--,--,--,--,--,--,--,--
Kevin Rader,Ten,TE,@NO,L 15-16,0.0,--/--,--,--,--,--,--,--,--,--,--,--,--,--,--,--
Javian Hawkins,FA,RB,--,,--,--/--,--,--,--,--,--,--,--,--,--,--,--,--,--,--
Kerryon Johnson,FA,RB,--,,--,--/--,--,--,--,--,--,--,--,--,--,--,--,--,--,--
Johnny Stanton IV,FA,RB,--,,--,--/--,--,--,--,--,--,--,--,--,--,--,--,--,--,--
KJ Hill Jr.,FA,WR,--,,--,--/--,--,--,--,--,--,--,--,--,--,--,--,--,--,--
Ben Mason,FA,RB,--,,--,--/--,--,--,--,--,--,--,--,--,--,--,--,--,--,--
Darrell Daniels,Det,TE,@KC,W 21-20,0.0,--/--,--,--,--,--,--,--,--,--,--,--,--,--,--,--
Michael Warren II,FA,RB,--,,--,--/--,--,--,--,--,--,--,--,--,--,--,--,--,--,--
Tajae Sharpe,FA,WR,--,,--,--/--,--,--,--,--,--,--,--,--,--,--,--,--,--,--
Marcus Johnson,FA,WR,--,,--,--/--,--,--,--,--,--,--,--,--,--,--,--,--,--,--
Auden Tate,FA,WR,--,,--,--/--,--,--,--,--,--,--,--,--,--,--,--,--,--,--
Stanley Morgan,FA,WR,--,,--,--/--,--,--,--,--,--,--,--,--,--,--,--,--,--,--
Maxx Williams,FA,TE,--,,--,--/--,--,--,--,--,--,--,--,--,--,--,--,--,--,--
Mason Schreck,FA,TE,--,,--,--/--,--,--,--,--,--,--,--,--,--,--,--,--,--,--
Eric Ebron,FA,TE,--,,--,--/--,--,--,--,--,--,--,--,--,--,--,--,--,--,--
Ian Bunting,FA,TE,--,,--,--/--,--,--,--,--,--,--,--,--,--,--,--,--,--,--
Jake Kumerow,FA,WR,--,,--,--/--,--,--,--,--,--,--,--,--,--,--,--,--,--,--
Daniel Brown,FA,TE,--,,--,--/--,--,--,--,--,--,--,--,--,--,--,--,--,--,--
Richard Rodgers,FA,TE,--,,--,--/--,--,--,--,--,--,--,--,--,--,--,--,--,--,--
Brandon Zylstra,FA,WR,--,,--,--/--,--,--,--,--,--,--,--,--,--,--,--,--,--,--
Anthony Firkser,FA,TE,--,,--,--/--,--,--,--,--,--,--,--,--,--,--,--,--,--,--
Jordan Veasy,FA,WR,--,,--,--/--,--,--,--,--,--,--,--,--,--,--,--,--,--,--
Andre Baccellia,FA,WR,--,,--,--/--,--,--,--,--,--,--,--,--,--,--,--,--,--,--
Keke Coutee,FA,WR,--,,--,--/--,--,--,--,--,--,--,--,--,--,--,--,--,--,--
Preston Williams,FA,WR,--,,--,--/--,--,--,--,--,--,--,--,--,--,--,--,--,--,--
Jake Bargas,FA,RB,--,,--,--/--,--,--,--,--,--,--,--,--,--,--,--,--,--,--
Collin Johnson,FA,WR,--,,--,--/--,--,--,--,--,--,--,--,--,--,--,--,--,--,--
David Sills V,FA,WR,--,,--,--/--,--,--,--,--,--,--,--,--,--,--,--,--,--,--
Tommylee Lewis,FA,WR,--,,--,--/--,--,--,--,--,--,--,--,--,--,--,--,--,--,--
Malik Taylor,FA,WR,--,,--,--/--,--,--,--,--,--,--,--,--,--,--,--,--,--,--
Anthony Miller,FA,WR,--,,--,--/--,--,--,--,--,--,--,--,--,--,--,--,--,--,--
Temarrick Hemingway,FA,TE,--,,--,--/--,--,--,--,--,--,--,--,--,--,--,--,--,--,--
Mike Strachan,FA,WR,--,,--,--/--,--,--,--,--,--,--,--,--,--,--,--,--,--,--
Farrod Green,FA,TE,--,,--,--/--,--,--,--,--,--,--,--,--,--,--,--,--,--,--
Xavier Jones,FA,RB,--,,--,--/--,--,--,--,--,--,--,--,--,--,--,--,--,--,--
Jonathan Ward,FA,RB,--,,--,--/--,--,--,--,--,--,--,--,--,--,--,--,--,--,--
Jordan Howard,FA,RB,--,,--,--/--,--,--,--,--,--,--,--,--,--,--,--,--,--,--
Eric Tomlinson,FA,TE,--,,--,--/--,--,--,--,--,--,--,--,--,--,--,--,--,--,--
Dazz Newsome,FA,WR,--,,--,--/--,--,--,--,--,--,--,--,--,--,--,--,--,--,--
Nick Vannett,FA,TE,--,,--,--/--,--,--,--,--,--,--,--,--,--,--,--,--,--,--
Sewo Olonilua,FA,RB,--,,--,--/--,--,--,--,--,--,--,--,--,--,--,--,--,--,--
Trey Ragas,FA,RB,--,,--,--/--,--,--,--,--,--,--,--,--,--,--,--,--,--,--
Tyron Johnson,FA,WR,--,,--,--/--,--,--,--,--,--,--,--,--,--,--,--,--,--,--
Kendall Blanton,FA,TE,--,,--,--/--,--,--,--,--,--,--,--,--,--,--,--,--,--,--
Jeff Cotton,FA,WR,--,,--,--/--,--,--,--,--,--,--,--,--,--,--,--,--,--,--
John Hightower,FA,WR,--,,--,--/--,--,--,--,--,--,--,--,--,--,--,--,--,--,--
Jacob Harris,Jax,WR,@Ind,W 31-21,0.0,--/--,--,--,--,--,--,--,--,--,--,--,--,--,--,--
John Brown,FA,WR,--,,--,--/--,--,--,--,--,--,--,--,--,--,--,--,--,--,--
Jesse James,FA,TE,--,,--,--/--,--,--,--,--,--,--,--,--,--,--,--,--,--,--
Dominique Dafney,FA,TE,--,,--,--/--,--,--,--,--,--,--,--,--,--,--,--,--,--,--
Sage Surratt,FA,TE,--,,--,--/--,--,--,--,--,--,--,--,--,--,--,--,--,--,--
LeVante Bellamy,FA,RB,--,,--,--/--,--,--,--,--,--,--,--,--,--,--,--,--,--,--
Jacob Hollister,FA,TE,--,,--,--/--,--,--,--,--,--,--,--,--,--,--,--,--,--,--
Ryan Izzo,FA,TE,--,,--,--/--,--,--,--,--,--,--,--,--,--,--,--,--,--,--
Deon Yelder,FA,TE,--,,--,--/--,--,--,--,--,--,--,--,--,--,--,--,--,--,--
Antonio Williams,FA,RB,--,,--,--/--,--,--,--,--,--,--,--,--,--,--,--,--,--,--
Raleigh Webb,FA,WR,--,,--,--/--,--,--,--,--,--,--,--,--,--,--,--,--,--,--
Keelan Doss,LAC,WR,Mia,L 34-36,0.0,--/--,--,--,--,--,--,--,--,--,--,--,--,--,--,--
Nick Boyle,FA,TE,--,,--,--/--,--,--,--,--,--,--,--,--,--,--,--,--,--,--
Tory Carter,FA,RB,--,,--,--/--,--,--,--,--,--,--,--,--,--,--,--,--,--,--
Tommy Hudson,FA,TE,--,,--,--/--,--,--,--,--,--,--,--,--,--,--,--,--,--,--
Trenton Cannon,FA,RB,--,,--,--/--,--,--,--,--,--,--,--,--,--,--,--,--,--,--
Landen Akers,FA,WR,--,,--,--/--,--,--,--,--,--,--,--,--,--,--,--,--,--,--
Adrian Killins,FA,RB,--,,--,--/--,--,--,--,--,--,--,--,--,--,--,--,--,--,--
JoJo Natson,FA,WR,--,,--,--/--,--,--,--,--,--,--,--,--,--,--,--,--,--,--
Mohamed Sanu,FA,WR,--,,--,--/--,--,--,--,--,--,--,--,--,--,--,--,--,--,--
Kevin White,FA,WR,--,,--,--/--,--,--,--,--,--,--,--,--,--,--,--,--,--,--
Derek Carrier,FA,TE,--,,--,--/--,--,--,--,--,--,--,--,--,--,--,--,--,--,--
Reggie Bonnafon,FA,RB,--,,--,--/--,--,--,--,--,--,--,--,--,--,--,--,--,--,--
Isaiah Wright,FA,WR,--,,--,--/--,--,--,--,--,--,--,--,--,--,--,--,--,--,--
Antonio Callaway,FA,WR,--,,--,--/--,--,--,--,--,--,--,--,--,--,--,--,--,--,--
Dezmon Patmon,FA,WR,--,,--,--/--,--,--,--,--,--,--,--,--,--,--,--,--,--,--
C.J. Saunders,FA,WR,--,,--,--/--,--,--,--,--,--,--,--,--,--,--,--,--,--,--
Easop Winston Jr.,FA,WR,--,,--,--/--,--,--,--,--,--,--,--,--,--,--,--,--,--,--
Noah Togiai,FA,TE,--,,--,--/--,--,--,--,--,--,--,--,--,--,--,--,--,--,--
Gerrid Doaks,FA,RB,--,,--,--/--,--,--,--,--,--,--,--,--,--,--,--,--,--,--
Tanner Gentry,FA,WR,--,,--,--/--,--,--,--,--,--,--,--,--,--,--,--,--,--,--
Bisi Johnson,FA,WR,--,,--,--/--,--,--,--,--,--,--,--,--,--,--,--,--,--,--
Cody White,FA,WR,--,,--,--/--,--,--,--,--,--,--,--,--,--,--,--,--,--,--
Tony Brown,FA,WR,--,,--,--/--,--,--,--,--,--,--,--,--,--,--,--,--,--,--
Dalton Keene,FA,TE,--,,--,--/--,--,--,--,--,--,--,--,--,--,--,--,--,--,--
Artavis Pierce,FA,RB,--,,--,--/--,--,--,--,--,--,--,--,--,--,--,--,--,--,--
Kendric Pryor,FA,WR,--,,--,--/--,--,--,--,--,--,--,--,--,--,--,--,--,--,--
Jason Moore,FA,WR,--,,--,--/--,--,--,--,--,--,--,--,--,--,--,--,--,--,--
Garrett Griffin,FA,TE,--,,--,--/--,--,--,--,--,--,--,--,--,--,--,--,--,--,--
Dede Westbrook,FA,WR,--,,--,--/--,--,--,--,--,--,--,--,--,--,--,--,--,--,--
Tyrell Williams,FA,WR,--,,--,--/--,--,--,--,--,--,--,--,--,--,--,--,--,--,--
Isaiah Coulter,FA,WR,--,,--,--/--,--,--,--,--,--,--,--,--,--,--,--,--,--,--
Jalen Camp,FA,WR,--,,--,--/--,--,--,--,--,--,--,--,--,--,--,--,--,--,--
Darius Bradwell,FA,RB,--,,--,--/--,--,--,--,--,--,--,--,--,--,--,--,--,--,--
Ryan Nall,FA,RB,--,,--,--/--,--,--,--,--,--,--,--,--,--,--,--,--,--,--
Aaron Fuller,FA,WR,--,,--,--/--,--,--,--,--,--,--,--,--,--,--,--,--,--,--
Jeff Smith,FA,WR,--,,--,--/--,--,--,--,--,--,--,--,--,--,--,--,--,--,--
Jaelon Darden,FA,WR,--,,--,--/--,--,--,--,--,--,--,--,--,--,--,--,--,--,--
Demetrius Harris,FA,TE,--,,--,--/--,--,--,--,--,--,--,--,--,--,--,--,--,--,--
Stephen Anderson,FA,TE,--,,--,--/--,--,--,--,--,--,--,--,--,--,--,--,--,--,--
Nsimba Webster,FA,WR,--,,--,--/--,--,--,--,--,--,--,--,--,--,--,--,--,--,--
Tommy Stevens,FA,TE,--,,--,--/--,--,--,--,--,--,--,--,--,--,--,--,--,--,--
Scottie Phillips,FA,RB,--,,--,--/--,--,--,--,--,--,--,--,--,--,--,--,--,--,--
Jordan Scarlett,FA,RB,--,,--,--/--,--,--,--,--,--,--,--,--,--,--,--,--,--,--
J.J. Koski,FA,WR,--,,--,--/--,--,--,--,--,--,--,--,--,--,--,--,--,--,--
Dan Chisena,FA,WR,--,,--,--/--,--,--,--,--,--,--,--,--,--,--,--,--,--,--
Josh Hammond,FA,WR,--,,--,--/--,--,--,--,--,--,--,--,--,--,--,--,--,--,--
Brandon Smith,FA,WR,--,,--,--/--,--,--,--,--,--,--,--,--,--,--,--,--,--,--
Kaylon Geiger,FA,WR,--,,--,--/--,--,--,--,--,--,--,--,--,--,--,--,--,--,--
Jordan Franks,FA,TE,--,,--,--/--,--,--,--,--,--,--,--,--,--,--,--,--,--,--
Raymond Calais,FA,RB,--,,--,--/--,--,--,--,--,--,--,--,--,--,--,--,--,--,--
Rodney Smith,FA,RB,--,,--,--/--,--,--,--,--,--,--,--,--,--,--,--,--,--,--
Mekhi Sargent,FA,RB,--,,--,--/--,--,--,--,--,--,--,--,--,--,--,--,--,--,--
Darius Anderson,FA,RB,--,,--,--/--,--,--,--,--,--,--,--,--,--,--,--,--,--,--
Chris Herndon,FA,TE,--,,--,--/--,--,--,--,--,--,--,--,--,--,--,--,--,--,--
Kenny Stills,FA,WR,--,,--,--/--,--,--,--,--,--,--,--,--,--,--,--,--,--,--
Jared Pinkney,FA,TE,--,,--,--/--,--,--,--,--,--,--,--,--,--,--,--,--,--,--
Miller Forristall,FA,TE,--,,--,--/--,--,--,--,--,--,--,--,--,--,--,--,--,--,--
Travis Benjamin,FA,WR,--,,--,--/--,--,--,--,--,--,--,--,--,--,--,--,--,--,--
Matt LaCosse,FA,TE,--,,--,--/--,--,--,--,--,--,--,--,--,--,--,--,--,--,--
Marvin Hall,FA,WR,--,,--,--/--,--,--,--,--,--,--,--,--,--,--,--,--,--,--
Kawaan Baker,FA,WR,--,,--,--/--,--,--,--,--,--,--,--,--,--,--,--,--,--,--
Kahale Warring,FA,TE,--,,--,--/--,--,--,--,--,--,--,--,--,--,--,--,--,--,--
Javon Leake,FA,RB,--,,--,--/--,--,--,--,--,--,--,--,--,--,--,--,--,--,--
Luke Stocker,FA,TE,--,,--,--/--,--,--,--,--,--,--,--,--,--,--,--,--,--,--
Codey McElroy,FA,TE,--,,--,--/--,--,--,--,--,--,--,--,--,--,--,--,--,--,--
Colin Thompson,FA,TE,--,,--,--/--,--,--,--,--,--,--,--,--,--,--,--,--,--,--
Darren Fells,FA,TE,--,,--,--/--,--,--,--,--,--,--,--,--,--,--,--,--,--,--
Antony Auclair,FA,TE,--,,--,--/--,--,--,--,--,--,--,--,--,--,--,--,--,--,--
Travis Fulgham,FA,WR,--,,--,--/--,--,--,--,--,--,--,--,--,--,--,--,--,--,--
Jeff Thomas,FA,WR,--,,--,--/--,--,--,--,--,--,--,--,--,--,--,--,--,--,--
Ja'Marcus Bradley,FA,WR,--,,--,--/--,--,--,--,--,--,--,--,--,--,--,--,--,--,--
Michael Bandy,FA,WR,--,,--,--/--,--,--,--,--,--,--,--,--,--,--,--,--,--,--
Adam Shaheen,FA,TE,--,,--,--/--,--,--,--,--,--,--,--,--,--,--,--,--,--,--
Nathan Cottrell,FA,RB,--,,--,--/--,--,--,--,--,--,--,--,--,--,--,--,--,--,--
Antoine Wesley,FA,WR,--,,--,--/--,--,--,--,--,--,--,--,--,--,--,--,--,--,--
Andre Roberts,FA,WR,--,,--,--/--,--,--,--,--,--,--,--,--,--,--,--,--,--,--
Hunter Bryant,FA,TE,--,,--,--/--,--,--,--,--,--,--,--,--,--,--,--,--,--,--
Daniel Helm,FA,TE,--,,--,--/--,--,--,--,--,--,--,--,--,--,--,--,--,--,--
Geronimo Allison,FA,WR,--,,--,--/--,--,--,--,--,--,--,--,--,--,--,--,--,--,--
C.J. Board,FA,WR,--,,--,--/--,--,--,--,--,--,--,--,--,--,--,--,--,--,--
Albert Wilson,FA,WR,--,,--,--/--,--,--,--,--,--,--,--,--,--,--,--,--,--,--
Myron Mitchell,FA,WR,--,,--,--/--,--,--,--,--,--,--,--,--,--,--,--,--,--,--
Cyril Grayson Jr.,FA,WR,--,,--,--/--,--,--,--,--,--,--,--,--,--,--,--,--,--,--
Omar Bayless,FA,WR,--,,--,--/--,--,--,--,--,--,--,--,--,--,--,--,--,--,--
Alex Bachman,FA,WR,--,,--,--/--,--,--,--,--,--,--,--,--,--,--,--,--,--,--
DeMichael Harris,FA,WR,--,,--,--/--,--,--,--,--,--,--,--,--,--,--,--,--,--,--
Matt Cole,FA,WR,--,,--,--/--,--,--,--,--,--,--,--,--,--,--,--,--,--,--
Davion Davis,FA,WR,--,,--,--/--,--,--,--,--,--,--,--,--,--,--,--,--,--,--
Will Hastings,FA,WR,--,,--,--/--,--,--,--,--,--,--,--,--,--,--,--,--,--,--
Cody Hollister,FA,WR,--,,--,--/--,--,--,--,--,--,--,--,--,--,--,--,--,--,--
Reggie Begelton,FA,WR,--,,--,--/--,--,--,--,--,--,--,--,--,--,--,--,--,--,--
Chris Rowland,FA,WR,--,,--,--/--,--,--,--,--,--,--,--,--,--,--,--,--,--,--
Austin Mack,FA,WR,--,,--,--/--,--,--,--,--,--,--,--,--,--,--,--,--,--,--
Christian Blake,FA,WR,--,,--,--/--,--,--,--,--,--,--,--,--,--,--,--,--,--,--